REGIAO:;S
UF:;RS
ESTACAO:;CAXIAS DO SUL - AEROPORTO
CODIGO (WMO):;B818
LATITUDE:;-29,19623
LONGITUDE:;-51,18629
ALTITUDE:;756
DATA DE FUNDACAO:;14/08/25
Data;Hora UTC;PRECIPITAÇÃO TOTAL, HORÁRIO (mm);PRESSAO ATMOSFERICA AO NIVEL DA ESTACAO, HORARIA (mB);PRESSÃO ATMOSFERICA MAX.NA HORA ANT. (AUT) (mB);PRESSÃO ATMOSFERICA MIN. NA HORA ANT. (AUT) (mB);RADIACAO GLOBAL (Kj/m²);TEMPERATURA DO AR - BULBO SECO, HORARIA (°C);TEMPERATURA DO PONTO DE ORVALHO (°C);TEMPERATURA MÁXIMA NA HORA ANT. (AUT) (°C);TEMPERATURA MÍNIMA NA HORA ANT. (AUT) (°C);TEMPERATURA ORVALHO MAX. NA HORA ANT. (AUT) (°C);TEMPERATURA ORVALHO MIN. NA HORA ANT. (AUT) (°C);UMIDADE REL. MAX. NA HORA ANT. (AUT) (%);UMIDADE REL. MIN. NA HORA ANT. (AUT) (%);UMIDADE RELATIVA DO AR, HORARIA (%);VENTO, DIREÇÃO HORARIA (gr) (° (gr));VENTO, RAJADA MAXIMA (m/s);VENTO, VELOCIDADE HORARIA (m/s);
2025/08/14;0000 UTC;;;;;;;;;;;;;;;;;;
2025/08/14;0100 UTC;;;;;;;;;;;;;;;;;;
2025/08/14;0200 UTC;;;;;;;;;;;;;;;;;;
2025/08/14;0300 UTC;;;;;;;;;;;;;;;;;;
2025/08/14;0400 UTC;;;;;;;;;;;;;;;;;;
2025/08/14;0500 UTC;;;;;;;;;;;;;;;;;;
2025/08/14;0600 UTC;;;;;;;;;;;;;;;;;;
2025/08/14;0700 UTC;;;;;;;;;;;;;;;;;;
2025/08/14;0800 UTC;;;;;;;;;;;;;;;;;;
2025/08/14;0900 UTC;;;;;;;;;;;;;;;;;;
2025/08/14;1000 UTC;;;;;;;;;;;;;;;;;;
2025/08/14;1100 UTC;;;;;;;;;;;;;;;;;;
2025/08/14;1200 UTC;;;;;;;;;;;;;;;;;;
2025/08/14;1300 UTC;;;;;;;;;;;;;;;;;;
2025/08/14;1400 UTC;;;;;;;;;;;;;;;;;;
2025/08/14;1500 UTC;;;;;;;;;;;;;;;;;;
2025/08/14;1600 UTC;;;;;;;;;;;;;;;;;;
2025/08/14;1700 UTC;;;;;;;;;;;;;;;;;;
2025/08/14;1800 UTC;;;;;;;;;;;;;;;;;;
2025/08/14;1900 UTC;;;;;;;;;;;;;;;;;;
2025/08/14;2000 UTC;;;;;;;;;;;;;;;;;;
2025/08/14;2100 UTC;;;;;;;;;;;;;;;;;;
2025/08/14;2200 UTC;;;;;;;;;;;;;;;;;;
2025/08/14;2300 UTC;;;;;;;;;;;;;;;;;;
2025/08/15;0000 UTC;;;;;;;;;;;;;;;;;;
2025/08/15;0100 UTC;;;;;;;;;;;;;;;;;;
2025/08/15;0200 UTC;;;;;;;;;;;;;;;;;;
2025/08/15;0300 UTC;;;;;;;;;;;;;;;;;;
2025/08/15;0400 UTC;;;;;;;;;;;;;;;;;;
2025/08/15;0500 UTC;;;;;;;;;;;;;;;;;;
2025/08/15;0600 UTC;;;;;;;;;;;;;;;;;;
2025/08/15;0700 UTC;;;;;;;;;;;;;;;;;;
2025/08/15;0800 UTC;;;;;;;;;;;;;;;;;;
2025/08/15;0900 UTC;;;;;;;;;;;;;;;;;;
2025/08/15;1000 UTC;;;;;;;;;;;;;;;;;;
2025/08/15;1100 UTC;;;;;;;;;;;;;;;;;;
2025/08/15;1200 UTC;;;;;;;;;;;;;;;;;;
2025/08/15;1300 UTC;;;;;;;;;;;;;;;;;;
2025/08/15;1400 UTC;;;;;;;;;;;;;;;;;;
2025/08/15;1500 UTC;;;;;;;;;;;;;;;;;;
2025/08/15;1600 UTC;;;;;;;;;;;;;;;;;;
2025/08/15;1700 UTC;;;;;;;;;;;;;;;;;;
2025/08/15;1800 UTC;;;;;;;;;;;;;;;;;;
2025/08/15;1900 UTC;;;;;;;;;;;;;;;;;;
2025/08/15;2000 UTC;;;;;;;;;;;;;;;;;;
2025/08/15;2100 UTC;;;;;;;;;;;;;;;;;;
2025/08/15;2200 UTC;;;;;;;;;;;;;;;;;;
2025/08/15;2300 UTC;;;;;;;;;;;;;;;;;;
2025/08/16;0000 UTC;;;;;;;;;;;;;;;;;;
2025/08/16;0100 UTC;;;;;;;;;;;;;;;;;;
2025/08/16;0200 UTC;;;;;;;;;;;;;;;;;;
2025/08/16;0300 UTC;;;;;;;;;;;;;;;;;;
2025/08/16;0400 UTC;;;;;;;;;;;;;;;;;;
2025/08/16;0500 UTC;;;;;;;;;;;;;;;;;;
2025/08/16;0600 UTC;;;;;;;;;;;;;;;;;;
2025/08/16;0700 UTC;;;;;;;;;;;;;;;;;;
2025/08/16;0800 UTC;;;;;;;;;;;;;;;;;;
2025/08/16;0900 UTC;;;;;;;;;;;;;;;;;;
2025/08/16;1000 UTC;;;;;;;;;;;;;;;;;;
2025/08/16;1100 UTC;;;;;;;;;;;;;;;;;;
2025/08/16;1200 UTC;;;;;;;;;;;;;;;;;;
2025/08/16;1300 UTC;;;;;;;;;;;;;;;;;;
2025/08/16;1400 UTC;;;;;;;;;;;;;;;;;;
2025/08/16;1500 UTC;;;;;;;;;;;;;;;;;;
2025/08/16;1600 UTC;;;;;;;;;;;;;;;;;;
2025/08/16;1700 UTC;;;;;;;;;;;;;;;;;;
2025/08/16;1800 UTC;;;;;;;;;;;;;;;;;;
2025/08/16;1900 UTC;;;;;;;;;;;;;;;;;;
2025/08/16;2000 UTC;;;;;;;;;;;;;;;;;;
2025/08/16;2100 UTC;;;;;;;;;;;;;;;;;;
2025/08/16;2200 UTC;;;;;;;;;;;;;;;;;;
2025/08/16;2300 UTC;;;;;;;;;;;;;;;;;;
2025/08/17;0000 UTC;;;;;;;;;;;;;;;;;;
2025/08/17;0100 UTC;;;;;;;;;;;;;;;;;;
2025/08/17;0200 UTC;;;;;;;;;;;;;;;;;;
2025/08/17;0300 UTC;;;;;;;;;;;;;;;;;;
2025/08/17;0400 UTC;;;;;;;;;;;;;;;;;;
2025/08/17;0500 UTC;;;;;;;;;;;;;;;;;;
2025/08/17;0600 UTC;;;;;;;;;;;;;;;;;;
2025/08/17;0700 UTC;;;;;;;;;;;;;;;;;;
2025/08/17;0800 UTC;;;;;;;;;;;;;;;;;;
2025/08/17;0900 UTC;;;;;;;;;;;;;;;;;;
2025/08/17;1000 UTC;;;;;;;;;;;;;;;;;;
2025/08/17;1100 UTC;;;;;;;;;;;;;;;;;;
2025/08/17;1200 UTC;;;;;;;;;;;;;;;;;;
2025/08/17;1300 UTC;;;;;;;;;;;;;;;;;;
2025/08/17;1400 UTC;;;;;;;;;;;;;;;;;;
2025/08/17;1500 UTC;;;;;;;;;;;;;;;;;;
2025/08/17;1600 UTC;;;;;;;;;;;;;;;;;;
2025/08/17;1700 UTC;;;;;;;;;;;;;;;;;;
2025/08/17;1800 UTC;;;;;;;;;;;;;;;;;;
2025/08/17;1900 UTC;;;;;;;;;;;;;;;;;;
2025/08/17;2000 UTC;;;;;;;;;;;;;;;;;;
2025/08/17;2100 UTC;;;;;;;;;;;;;;;;;;
2025/08/17;2200 UTC;;;;;;;;;;;;;;;;;;
2025/08/17;2300 UTC;;;;;;;;;;;;;;;;;;
2025/08/18;0000 UTC;;;;;;;;;;;;;;;;;;
2025/08/18;0100 UTC;;;;;;;;;;;;;;;;;;
2025/08/18;0200 UTC;;;;;;;;;;;;;;;;;;
2025/08/18;0300 UTC;;;;;;;;;;;;;;;;;;
2025/08/18;0400 UTC;;;;;;;;;;;;;;;;;;
2025/08/18;0500 UTC;;;;;;;;;;;;;;;;;;
2025/08/18;0600 UTC;;;;;;;;;;;;;;;;;;
2025/08/18;0700 UTC;;;;;;;;;;;;;;;;;;
2025/08/18;0800 UTC;;;;;;;;;;;;;;;;;;
2025/08/18;0900 UTC;;;;;;;;;;;;;;;;;;
2025/08/18;1000 UTC;;;;;;;;;;;;;;;;;;
2025/08/18;1100 UTC;;;;;;;;;;;;;;;;;;
2025/08/18;1200 UTC;;;;;;;;;;;;;;;;;;
2025/08/18;1300 UTC;;;;;;;;;;;;;;;;;;
2025/08/18;1400 UTC;;;;;;;;;;;;;;;;;;
2025/08/18;1500 UTC;;;;;;;;;;;;;;;;;;
2025/08/18;1600 UTC;;;;;;;;;;;;;;;;;;
2025/08/18;1700 UTC;;;;;;;;;;;;;;;;;;
2025/08/18;1800 UTC;;;;;;;;;;;;;;;;;;
2025/08/18;1900 UTC;;;;;;;;;;;;;;;;;;
2025/08/18;2000 UTC;;;;;;;;;;;;;;;;;;
2025/08/18;2100 UTC;;;;;;;;;;;;;;;;;;
2025/08/18;2200 UTC;;;;;;;;;;;;;;;;;;
2025/08/18;2300 UTC;;;;;;;;;;;;;;;;;;
2025/08/19;0000 UTC;;;;;;;;;;;;;;;;;;
2025/08/19;0100 UTC;;;;;;;;;;;;;;;;;;
2025/08/19;0200 UTC;;;;;;;;;;;;;;;;;;
2025/08/19;0300 UTC;;;;;;;;;;;;;;;;;;
2025/08/19;0400 UTC;;;;;;;;;;;;;;;;;;
2025/08/19;0500 UTC;;;;;;;;;;;;;;;;;;
2025/08/19;0600 UTC;;;;;;;;;;;;;;;;;;
2025/08/19;0700 UTC;;;;;;;;;;;;;;;;;;
2025/08/19;0800 UTC;;;;;;;;;;;;;;;;;;
2025/08/19;0900 UTC;;;;;;;;;;;;;;;;;;
2025/08/19;1000 UTC;;;;;;;;;;;;;;;;;;
2025/08/19;1100 UTC;;;;;;;;;;;;;;;;;;
2025/08/19;1200 UTC;;;;;;;;;;;;;;;;;;
2025/08/19;1300 UTC;;;;;;;;;;;;;;;;;;
2025/08/19;1400 UTC;;;;;;;;;;;;;;;;;;
2025/08/19;1500 UTC;;;;;;;;;;;;;;;;;;
2025/08/19;1600 UTC;;;;;;;;;;;;;;;;;;
2025/08/19;1700 UTC;;;;;;;;;;;;;;;;;;
2025/08/19;1800 UTC;;;;;;;;;;;;;;;;;;
2025/08/19;1900 UTC;;;;;;;;;;;;;;;;;;
2025/08/19;2000 UTC;;;;;;;;;;;;;;;;;;
2025/08/19;2100 UTC;;;;;;;;;;;;;;;;;;
2025/08/19;2200 UTC;;;;;;;;;;;;;;;;;;
2025/08/19;2300 UTC;;;;;;;;;;;;;;;;;;
2025/08/20;0000 UTC;;;;;;;;;;;;;;;;;;
2025/08/20;0100 UTC;;;;;;;;;;;;;;;;;;
2025/08/20;0200 UTC;;;;;;;;;;;;;;;;;;
2025/08/20;0300 UTC;;;;;;;;;;;;;;;;;;
2025/08/20;0400 UTC;;;;;;;;;;;;;;;;;;
2025/08/20;0500 UTC;;;;;;;;;;;;;;;;;;
2025/08/20;0600 UTC;;;;;;;;;;;;;;;;;;
2025/08/20;0700 UTC;;;;;;;;;;;;;;;;;;
2025/08/20;0800 UTC;;;;;;;;;;;;;;;;;;
2025/08/20;0900 UTC;;;;;;;;;;;;;;;;;;
2025/08/20;1000 UTC;;;;;;;;;;;;;;;;;;
2025/08/20;1100 UTC;;;;;;;;;;;;;;;;;;
2025/08/20;1200 UTC;;;;;;;;;;;;;;;;;;
2025/08/20;1300 UTC;;;;;;;;;;;;;;;;;;
2025/08/20;1400 UTC;;;;;;;;;;;;;;;;;;
2025/08/20;1500 UTC;;;;;;;;;;;;;;;;;;
2025/08/20;1600 UTC;;;;;;;;;;;;;;;;;;
2025/08/20;1700 UTC;;;;;;;;;;;;;;;;;;
2025/08/20;1800 UTC;;;;;;;;;;;;;;;;;;
2025/08/20;1900 UTC;;;;;;;;;;;;;;;;;;
2025/08/20;2000 UTC;;;;;;;;;;;;;;;;;;
2025/08/20;2100 UTC;;;;;;;;;;;;;;;;;;
2025/08/20;2200 UTC;;;;;;;;;;;;;;;;;;
2025/08/20;2300 UTC;;;;;;;;;;;;;;;;;;
2025/08/21;0000 UTC;;;;;;;;;;;;;;;;;;
2025/08/21;0100 UTC;;;;;;;;;;;;;;;;;;
2025/08/21;0200 UTC;;;;;;;;;;;;;;;;;;
2025/08/21;0300 UTC;;;;;;;;;;;;;;;;;;
2025/08/21;0400 UTC;;;;;;;;;;;;;;;;;;
2025/08/21;0500 UTC;;;;;;;;;;;;;;;;;;
2025/08/21;0600 UTC;;;;;;;;;;;;;;;;;;
2025/08/21;0700 UTC;;;;;;;;;;;;;;;;;;
2025/08/21;0800 UTC;;;;;;;;;;;;;;;;;;
2025/08/21;0900 UTC;;;;;;;;;;;;;;;;;;
2025/08/21;1000 UTC;;;;;;;;;;;;;;;;;;
2025/08/21;1100 UTC;;;;;;;;;;;;;;;;;;
2025/08/21;1200 UTC;;;;;;;;;;;;;;;;;;
2025/08/21;1300 UTC;;;;;;;;;;;;;;;;;;
2025/08/21;1400 UTC;;;;;;;;;;;;;;;;;;
2025/08/21;1500 UTC;;;;;;;;;;;;;;;;;;
2025/08/21;1600 UTC;;;;;;;;;;;;;;;;;;
2025/08/21;1700 UTC;;;;;;;;;;;;;;;;;;
2025/08/21;1800 UTC;;;;;;;;;;;;;;;;;;
2025/08/21;1900 UTC;;;;;;;;;;;;;;;;;;
2025/08/21;2000 UTC;;;;;;;;;;;;;;;;;;
2025/08/21;2100 UTC;;;;;;;;;;;;;;;;;;
2025/08/21;2200 UTC;;;;;;;;;;;;;;;;;;
2025/08/21;2300 UTC;;;;;;;;;;;;;;;;;;
2025/08/22;0000 UTC;;;;;;;;;;;;;;;;;;
2025/08/22;0100 UTC;;;;;;;;;;;;;;;;;;
2025/08/22;0200 UTC;;;;;;;;;;;;;;;;;;
2025/08/22;0300 UTC;;;;;;;;;;;;;;;;;;
2025/08/22;0400 UTC;;;;;;;;;;;;;;;;;;
2025/08/22;0500 UTC;;;;;;;;;;;;;;;;;;
2025/08/22;0600 UTC;;;;;;;;;;;;;;;;;;
2025/08/22;0700 UTC;;;;;;;;;;;;;;;;;;
2025/08/22;0800 UTC;;;;;;;;;;;;;;;;;;
2025/08/22;0900 UTC;;;;;;;;;;;;;;;;;;
2025/08/22;1000 UTC;;;;;;;;;;;;;;;;;;
2025/08/22;1100 UTC;;;;;;;;;;;;;;;;;;
2025/08/22;1200 UTC;;;;;;;;;;;;;;;;;;
2025/08/22;1300 UTC;;;;;;;;;;;;;;;;;;
2025/08/22;1400 UTC;;;;;;;;;;;;;;;;;;
2025/08/22;1500 UTC;;;;;;;;;;;;;;;;;;
2025/08/22;1600 UTC;;;;;;;;;;;;;;;;;;
2025/08/22;1700 UTC;;;;;;;;;;;;;;;;;;
2025/08/22;1800 UTC;;;;;;;;;;;;;;;;;;
2025/08/22;1900 UTC;;;;;;;;;;;;;;;;;;
2025/08/22;2000 UTC;;;;;;;;;;;;;;;;;;
2025/08/22;2100 UTC;;;;;;;;;;;;;;;;;;
2025/08/22;2200 UTC;;;;;;;;;;;;;;;;;;
2025/08/22;2300 UTC;;;;;;;;;;;;;;;;;;
2025/08/23;0000 UTC;;;;;;;;;;;;;;;;;;
2025/08/23;0100 UTC;;;;;;;;;;;;;;;;;;
2025/08/23;0200 UTC;;;;;;;;;;;;;;;;;;
2025/08/23;0300 UTC;;;;;;;;;;;;;;;;;;
2025/08/23;0400 UTC;;;;;;;;;;;;;;;;;;
2025/08/23;0500 UTC;;;;;;;;;;;;;;;;;;
2025/08/23;0600 UTC;;;;;;;;;;;;;;;;;;
2025/08/23;0700 UTC;;;;;;;;;;;;;;;;;;
2025/08/23;0800 UTC;;;;;;;;;;;;;;;;;;
2025/08/23;0900 UTC;;;;;;;;;;;;;;;;;;
2025/08/23;1000 UTC;;;;;;;;;;;;;;;;;;
2025/08/23;1100 UTC;;;;;;;;;;;;;;;;;;
2025/08/23;1200 UTC;;;;;;;;;;;;;;;;;;
2025/08/23;1300 UTC;;;;;;;;;;;;;;;;;;
2025/08/23;1400 UTC;;;;;;;;;;;;;;;;;;
2025/08/23;1500 UTC;;;;;;;;;;;;;;;;;;
2025/08/23;1600 UTC;;;;;;;;;;;;;;;;;;
2025/08/23;1700 UTC;;;;;;;;;;;;;;;;;;
2025/08/23;1800 UTC;;;;;;;;;;;;;;;;;;
2025/08/23;1900 UTC;;;;;;;;;;;;;;;;;;
2025/08/23;2000 UTC;;;;;;;;;;;;;;;;;;
2025/08/23;2100 UTC;;;;;;;;;;;;;;;;;;
2025/08/23;2200 UTC;;;;;;;;;;;;;;;;;;
2025/08/23;2300 UTC;;;;;;;;;;;;;;;;;;
2025/08/24;0000 UTC;;;;;;;;;;;;;;;;;;
2025/08/24;0100 UTC;;;;;;;;;;;;;;;;;;
2025/08/24;0200 UTC;;;;;;;;;;;;;;;;;;
2025/08/24;0300 UTC;;;;;;;;;;;;;;;;;;
2025/08/24;0400 UTC;;;;;;;;;;;;;;;;;;
2025/08/24;0500 UTC;;;;;;;;;;;;;;;;;;
2025/08/24;0600 UTC;;;;;;;;;;;;;;;;;;
2025/08/24;0700 UTC;;;;;;;;;;;;;;;;;;
2025/08/24;0800 UTC;;;;;;;;;;;;;;;;;;
2025/08/24;0900 UTC;;;;;;;;;;;;;;;;;;
2025/08/24;1000 UTC;;;;;;;;;;;;;;;;;;
2025/08/24;1100 UTC;;;;;;;;;;;;;;;;;;
2025/08/24;1200 UTC;;;;;;;;;;;;;;;;;;
2025/08/24;1300 UTC;;;;;;;;;;;;;;;;;;
2025/08/24;1400 UTC;;;;;;;;;;;;;;;;;;
2025/08/24;1500 UTC;;;;;;;;;;;;;;;;;;
2025/08/24;1600 UTC;;;;;;;;;;;;;;;;;;
2025/08/24;1700 UTC;;;;;;;;;;;;;;;;;;
2025/08/24;1800 UTC;;;;;;;;;;;;;;;;;;
2025/08/24;1900 UTC;;;;;;;;;;;;;;;;;;
2025/08/24;2000 UTC;;;;;;;;;;;;;;;;;;
2025/08/24;2100 UTC;;;;;;;;;;;;;;;;;;
2025/08/24;2200 UTC;;;;;;;;;;;;;;;;;;
2025/08/24;2300 UTC;;;;;;;;;;;;;;;;;;
2025/08/25;0000 UTC;;;;;;;;;;;;;;;;;;
2025/08/25;0100 UTC;;;;;;;;;;;;;;;;;;
2025/08/25;0200 UTC;;;;;;;;;;;;;;;;;;
2025/08/25;0300 UTC;;;;;;;;;;;;;;;;;;
2025/08/25;0400 UTC;;;;;;;;;;;;;;;;;;
2025/08/25;0500 UTC;;;;;;;;;;;;;;;;;;
2025/08/25;0600 UTC;;;;;;;;;;;;;;;;;;
2025/08/25;0700 UTC;;;;;;;;;;;;;;;;;;
2025/08/25;0800 UTC;;;;;;;;;;;;;;;;;;
2025/08/25;0900 UTC;;;;;;;;;;;;;;;;;;
2025/08/25;1000 UTC;;;;;;;;;;;;;;;;;;
2025/08/25;1100 UTC;;;;;;;;;;;;;;;;;;
2025/08/25;1200 UTC;;;;;;;;;;;;;;;;;;
2025/08/25;1300 UTC;;;;;;;;;;;;;;;;;;
2025/08/25;1400 UTC;;;;;;;;;;;;;;;;;;
2025/08/25;1500 UTC;;;;;;;;;;;;;;;;;;
2025/08/25;1600 UTC;;;;;;;;;;;;;;;;;;
2025/08/25;1700 UTC;;;;;;;;;;;;;;;;;;
2025/08/25;1800 UTC;;;;;;;;;;;;;;;;;;
2025/08/25;1900 UTC;;;;;;;;;;;;;;;;;;
2025/08/25;2000 UTC;;;;;;;;;;;;;;;;;;
2025/08/25;2100 UTC;;;;;;;;;;;;;;;;;;
2025/08/25;2200 UTC;;;;;;;;;;;;;;;;;;
2025/08/25;2300 UTC;;;;;;;;;;;;;;;;;;
2025/08/26;0000 UTC;;;;;;;;;;;;;;;;;;
2025/08/26;0100 UTC;;;;;;;;;;;;;;;;;;
2025/08/26;0200 UTC;;;;;;;;;;;;;;;;;;
2025/08/26;0300 UTC;;;;;;;;;;;;;;;;;;
2025/08/26;0400 UTC;;;;;;;;;;;;;;;;;;
2025/08/26;0500 UTC;;;;;;;;;;;;;;;;;;
2025/08/26;0600 UTC;;;;;;;;;;;;;;;;;;
2025/08/26;0700 UTC;;;;;;;;;;;;;;;;;;
2025/08/26;0800 UTC;;;;;;;;;;;;;;;;;;
2025/08/26;0900 UTC;;;;;;;;;;;;;;;;;;
2025/08/26;1000 UTC;;;;;;;;;;;;;;;;;;
2025/08/26;1100 UTC;;;;;;;;;;;;;;;;;;
2025/08/26;1200 UTC;;;;;;;;;;;;;;;;;;
2025/08/26;1300 UTC;;;;;;;;;;;;;;;;;;
2025/08/26;1400 UTC;;;;;;;;;;;;;;;;;;
2025/08/26;1500 UTC;;;;;;;;;;;;;;;;;;
2025/08/26;1600 UTC;;;;;;;;;;;;;;;;;;
2025/08/26;1700 UTC;;;;;;;;;;;;;;;;;;
2025/08/26;1800 UTC;;;;;;;;;;;;;;;;;;
2025/08/26;1900 UTC;;;;;;;;;;;;;;;;;;
2025/08/26;2000 UTC;;;;;;;;;;;;;;;;;;
2025/08/26;2100 UTC;;;;;;;;;;;;;;;;;;
2025/08/26;2200 UTC;;;;;;;;;;;;;;;;;;
2025/08/26;2300 UTC;;;;;;;;;;;;;;;;;;
2025/08/27;0000 UTC;;;;;;;;;;;;;;;;;;
2025/08/27;0100 UTC;;;;;;;;;;;;;;;;;;
2025/08/27;0200 UTC;;;;;;;;;;;;;;;;;;
2025/08/27;0300 UTC;;;;;;;;;;;;;;;;;;
2025/08/27;0400 UTC;;;;;;;;;;;;;;;;;;
2025/08/27;0500 UTC;;;;;;;;;;;;;;;;;;
2025/08/27;0600 UTC;;;;;;;;;;;;;;;;;;
2025/08/27;0700 UTC;;;;;;;;;;;;;;;;;;
2025/08/27;0800 UTC;;;;;;;;;;;;;;;;;;
2025/08/27;0900 UTC;;;;;;;;;;;;;;;;;;
2025/08/27;1000 UTC;;;;;;;;;;;;;;;;;;
2025/08/27;1100 UTC;;;;;;;;;;;;;;;;;;
2025/08/27;1200 UTC;;;;;;;;;;;;;;;;;;
2025/08/27;1300 UTC;;;;;;;;;;;;;;;;;;
2025/08/27;1400 UTC;;;;;;;;;;;;;;;;;;
2025/08/27;1500 UTC;;;;;;;;;;;;;;;;;;
2025/08/27;1600 UTC;;;;;;;;;;;;;;;;;;
2025/08/27;1700 UTC;;;;;;;;;;;;;;;;;;
2025/08/27;1800 UTC;;;;;;;;;;;;;;;;;;
2025/08/27;1900 UTC;;;;;;;;;;;;;;;;;;
2025/08/27;2000 UTC;;;;;;;;;;;;;;;;;;
2025/08/27;2100 UTC;;;;;;;;;;;;;;;;;;
2025/08/27;2200 UTC;;;;;;;;;;;;;;;;;;
2025/08/27;2300 UTC;;;;;;;;;;;;;;;;;;
2025/08/28;0000 UTC;;;;;;;;;;;;;;;;;;
2025/08/28;0100 UTC;;;;;;;;;;;;;;;;;;
2025/08/28;0200 UTC;;;;;;;;;;;;;;;;;;
2025/08/28;0300 UTC;;;;;;;;;;;;;;;;;;
2025/08/28;0400 UTC;;;;;;;;;;;;;;;;;;
2025/08/28;0500 UTC;;;;;;;;;;;;;;;;;;
2025/08/28;0600 UTC;;;;;;;;;;;;;;;;;;
2025/08/28;0700 UTC;;;;;;;;;;;;;;;;;;
2025/08/28;0800 UTC;;;;;;;;;;;;;;;;;;
2025/08/28;0900 UTC;;;;;;;;;;;;;;;;;;
2025/08/28;1000 UTC;;;;;;;;;;;;;;;;;;
2025/08/28;1100 UTC;;;;;;;;;;;;;;;;;;
2025/08/28;1200 UTC;;;;;;;;;;;;;;;;;;
2025/08/28;1300 UTC;;;;;;;;;;;;;;;;;;
2025/08/28;1400 UTC;;;;;;;;;;;;;;;;;;
2025/08/28;1500 UTC;;;;;;;;;;;;;;;;;;
2025/08/28;1600 UTC;;;;;;;;;;;;;;;;;;
2025/08/28;1700 UTC;;;;;;;;;;;;;;;;;;
2025/08/28;1800 UTC;;;;;;;;;;;;;;;;;;
2025/08/28;1900 UTC;;;;;;;;;;;;;;;;;;
2025/08/28;2000 UTC;;;;;;;;;;;;;;;;;;
2025/08/28;2100 UTC;;;;;;;;;;;;;;;;;;
2025/08/28;2200 UTC;;;;;;;;;;;;;;;;;;
2025/08/28;2300 UTC;;;;;;;;;;;;;;;;;;
2025/08/29;0000 UTC;;;;;;;;;;;;;;;;;;
2025/08/29;0100 UTC;;;;;;;;;;;;;;;;;;
2025/08/29;0200 UTC;;;;;;;;;;;;;;;;;;
2025/08/29;0300 UTC;;;;;;;;;;;;;;;;;;
2025/08/29;0400 UTC;;;;;;;;;;;;;;;;;;
2025/08/29;0500 UTC;;;;;;;;;;;;;;;;;;
2025/08/29;0600 UTC;;;;;;;;;;;;;;;;;;
2025/08/29;0700 UTC;;;;;;;;;;;;;;;;;;
2025/08/29;0800 UTC;;;;;;;;;;;;;;;;;;
2025/08/29;0900 UTC;;;;;;;;;;;;;;;;;;
2025/08/29;1000 UTC;;;;;;;;;;;;;;;;;;
2025/08/29;1100 UTC;;;;;;;;;;;;;;;;;;
2025/08/29;1200 UTC;;;;;;;;;;;;;;;;;;
2025/08/29;1300 UTC;;;;;;;;;;;;;;;;;;
2025/08/29;1400 UTC;;;;;;;;;;;;;;;;;;
2025/08/29;1500 UTC;;;;;;;;;;;;;;;;;;
2025/08/29;1600 UTC;;;;;;;;;;;;;;;;;;
2025/08/29;1700 UTC;;;;;;;;;;;;;;;;;;
2025/08/29;1800 UTC;;;;;;;;;;;;;;;;;;
2025/08/29;1900 UTC;;;;;;;;;;;;;;;;;;
2025/08/29;2000 UTC;;;;;;;;;;;;;;;;;;
2025/08/29;2100 UTC;;;;;;;;;;;;;;;;;;
2025/08/29;2200 UTC;;;;;;;;;;;;;;;;;;
2025/08/29;2300 UTC;;;;;;;;;;;;;;;;;;
2025/08/30;0000 UTC;;;;;;;;;;;;;;;;;;
2025/08/30;0100 UTC;;;;;;;;;;;;;;;;;;
2025/08/30;0200 UTC;;;;;;;;;;;;;;;;;;
2025/08/30;0300 UTC;;;;;;;;;;;;;;;;;;
2025/08/30;0400 UTC;;;;;;;;;;;;;;;;;;
2025/08/30;0500 UTC;;;;;;;;;;;;;;;;;;
2025/08/30;0600 UTC;;;;;;;;;;;;;;;;;;
2025/08/30;0700 UTC;;;;;;;;;;;;;;;;;;
2025/08/30;0800 UTC;;;;;;;;;;;;;;;;;;
2025/08/30;0900 UTC;;;;;;;;;;;;;;;;;;
2025/08/30;1000 UTC;;;;;;;;;;;;;;;;;;
2025/08/30;1100 UTC;;;;;;;;;;;;;;;;;;
2025/08/30;1200 UTC;;;;;;;;;;;;;;;;;;
2025/08/30;1300 UTC;;;;;;;;;;;;;;;;;;
2025/08/30;1400 UTC;;;;;;;;;;;;;;;;;;
2025/08/30;1500 UTC;;;;;;;;;;;;;;;;;;
2025/08/30;1600 UTC;;;;;;;;;;;;;;;;;;
2025/08/30;1700 UTC;;;;;;;;;;;;;;;;;;
2025/08/30;1800 UTC;;;;;;;;;;;;;;;;;;
2025/08/30;1900 UTC;;;;;;;;;;;;;;;;;;
2025/08/30;2000 UTC;;;;;;;;;;;;;;;;;;
2025/08/30;2100 UTC;;;;;;;;;;;;;;;;;;
2025/08/30;2200 UTC;;;;;;;;;;;;;;;;;;
2025/08/30;2300 UTC;;;;;;;;;;;;;;;;;;
2025/08/31;0000 UTC;;;;;;;;;;;;;;;;;;
2025/08/31;0100 UTC;;;;;;;;;;;;;;;;;;
2025/08/31;0200 UTC;;;;;;;;;;;;;;;;;;
2025/08/31;0300 UTC;;;;;;;;;;;;;;;;;;
2025/08/31;0400 UTC;;;;;;;;;;;;;;;;;;
2025/08/31;0500 UTC;;;;;;;;;;;;;;;;;;
2025/08/31;0600 UTC;;;;;;;;;;;;;;;;;;
2025/08/31;0700 UTC;;;;;;;;;;;;;;;;;;
2025/08/31;0800 UTC;;;;;;;;;;;;;;;;;;
2025/08/31;0900 UTC;;;;;;;;;;;;;;;;;;
2025/08/31;1000 UTC;;;;;;;;;;;;;;;;;;
2025/08/31;1100 UTC;;;;;;;;;;;;;;;;;;
2025/08/31;1200 UTC;;;;;;;;;;;;;;;;;;
2025/08/31;1300 UTC;;;;;;;;;;;;;;;;;;
2025/08/31;1400 UTC;;;;;;;;;;;;;;;;;;
2025/08/31;1500 UTC;;;;;;;;;;;;;;;;;;
2025/08/31;1600 UTC;;;;;;;;;;;;;;;;;;
2025/08/31;1700 UTC;;;;;;;;;;;;;;;;;;
2025/08/31;1800 UTC;;;;;;;;;;;;;;;;;;
2025/08/31;1900 UTC;;;;;;;;;;;;;;;;;;
2025/08/31;2000 UTC;;;;;;;;;;;;;;;;;;
2025/08/31;2100 UTC;;;;;;;;;;;;;;;;;;
2025/08/31;2200 UTC;;;;;;;;;;;;;;;;;;
2025/08/31;2300 UTC;;;;;;;;;;;;;;;;;;
2025/09/01;0000 UTC;;;;;;;;;;;;;;;;;;
2025/09/01;0100 UTC;;;;;;;;;;;;;;;;;;
2025/09/01;0200 UTC;;;;;;;;;;;;;;;;;;
2025/09/01;0300 UTC;;;;;;;;;;;;;;;;;;
2025/09/01;0400 UTC;;;;;;;;;;;;;;;;;;
2025/09/01;0500 UTC;;;;;;;;;;;;;;;;;;
2025/09/01;0600 UTC;;;;;;;;;;;;;;;;;;
2025/09/01;0700 UTC;;;;;;;;;;;;;;;;;;
2025/09/01;0800 UTC;;;;;;;;;;;;;;;;;;
2025/09/01;0900 UTC;;;;;;;;;;;;;;;;;;
2025/09/01;1000 UTC;;;;;;;;;;;;;;;;;;
2025/09/01;1100 UTC;;;;;;;;;;;;;;;;;;
2025/09/01;1200 UTC;;;;;;;;;;;;;;;;;;
2025/09/01;1300 UTC;;;;;;;;;;;;;;;;;;
2025/09/01;1400 UTC;;;;;;;;;;;;;;;;;;
2025/09/01;1500 UTC;;;;;;;;;;;;;;;;;;
2025/09/01;1600 UTC;;;;;;;;;;;;;;;;;;
2025/09/01;1700 UTC;;;;;;;;;;;;;;;;;;
2025/09/01;1800 UTC;;;;;;;;;;;;;;;;;;
2025/09/01;1900 UTC;;;;;;;;;;;;;;;;;;
2025/09/01;2000 UTC;;;;;;;;;;;;;;;;;;
2025/09/01;2100 UTC;;;;;;;;;;;;;;;;;;
2025/09/01;2200 UTC;;;;;;;;;;;;;;;;;;
2025/09/01;2300 UTC;;;;;;;;;;;;;;;;;;
2025/09/02;0000 UTC;;;;;;;;;;;;;;;;;;
2025/09/02;0100 UTC;;;;;;;;;;;;;;;;;;
2025/09/02;0200 UTC;;;;;;;;;;;;;;;;;;
2025/09/02;0300 UTC;;;;;;;;;;;;;;;;;;
2025/09/02;0400 UTC;;;;;;;;;;;;;;;;;;
2025/09/02;0500 UTC;;;;;;;;;;;;;;;;;;
2025/09/02;0600 UTC;;;;;;;;;;;;;;;;;;
2025/09/02;0700 UTC;;;;;;;;;;;;;;;;;;
2025/09/02;0800 UTC;;;;;;;;;;;;;;;;;;
2025/09/02;0900 UTC;;;;;;;;;;;;;;;;;;
2025/09/02;1000 UTC;;;;;;;;;;;;;;;;;;
2025/09/02;1100 UTC;;;;;;;;;;;;;;;;;;
2025/09/02;1200 UTC;;;;;;;;;;;;;;;;;;
2025/09/02;1300 UTC;;;;;;;;;;;;;;;;;;
2025/09/02;1400 UTC;;;;;;;;;;;;;;;;;;
2025/09/02;1500 UTC;;;;;;;;;;;;;;;;;;
2025/09/02;1600 UTC;;;;;;;;;;;;;;;;;;
2025/09/02;1700 UTC;;;;;;;;;;;;;;;;;;
2025/09/02;1800 UTC;;;;;;;;;;;;;;;;;;
2025/09/02;1900 UTC;;;;;;;;;;;;;;;;;;
2025/09/02;2000 UTC;;;;;;;;;;;;;;;;;;
2025/09/02;2100 UTC;;;;;;;;;;;;;;;;;;
2025/09/02;2200 UTC;;;;;;;;;;;;;;;;;;
2025/09/02;2300 UTC;;;;;;;;;;;;;;;;;;
2025/09/03;0000 UTC;;;;;;;;;;;;;;;;;;
2025/09/03;0100 UTC;;;;;;;;;;;;;;;;;;
2025/09/03;0200 UTC;;;;;;;;;;;;;;;;;;
2025/09/03;0300 UTC;;;;;;;;;;;;;;;;;;
2025/09/03;0400 UTC;;;;;;;;;;;;;;;;;;
2025/09/03;0500 UTC;;;;;;;;;;;;;;;;;;
2025/09/03;0600 UTC;;;;;;;;;;;;;;;;;;
2025/09/03;0700 UTC;;;;;;;;;;;;;;;;;;
2025/09/03;0800 UTC;;;;;;;;;;;;;;;;;;
2025/09/03;0900 UTC;;;;;;;;;;;;;;;;;;
2025/09/03;1000 UTC;;;;;;;;;;;;;;;;;;
2025/09/03;1100 UTC;;;;;;;;;;;;;;;;;;
2025/09/03;1200 UTC;;;;;;;;;;;;;;;;;;
2025/09/03;1300 UTC;;;;;;;;;;;;;;;;;;
2025/09/03;1400 UTC;;;;;;;;;;;;;;;;;;
2025/09/03;1500 UTC;;;;;;;;;;;;;;;;;;
2025/09/03;1600 UTC;;;;;;;;;;;;;;;;;;
2025/09/03;1700 UTC;;;;;;;;;;;;;;;;;;
2025/09/03;1800 UTC;;;;;;;;;;;;;;;;;;
2025/09/03;1900 UTC;;;;;;;;;;;;;;;;;;
2025/09/03;2000 UTC;;;;;;;;;;;;;;;;;;
2025/09/03;2100 UTC;;;;;;;;;;;;;;;;;;
2025/09/03;2200 UTC;;;;;;;;;;;;;;;;;;
2025/09/03;2300 UTC;;;;;;;;;;;;;;;;;;
2025/09/04;0000 UTC;;;;;;;;;;;;;;;;;;
2025/09/04;0100 UTC;;;;;;;;;;;;;;;;;;
2025/09/04;0200 UTC;;;;;;;;;;;;;;;;;;
2025/09/04;0300 UTC;;;;;;;;;;;;;;;;;;
2025/09/04;0400 UTC;;;;;;;;;;;;;;;;;;
2025/09/04;0500 UTC;;;;;;;;;;;;;;;;;;
2025/09/04;0600 UTC;;;;;;;;;;;;;;;;;;
2025/09/04;0700 UTC;;;;;;;;;;;;;;;;;;
2025/09/04;0800 UTC;;;;;;;;;;;;;;;;;;
2025/09/04;0900 UTC;;;;;;;;;;;;;;;;;;
2025/09/04;1000 UTC;;;;;;;;;;;;;;;;;;
2025/09/04;1100 UTC;;;;;;;;;;;;;;;;;;
2025/09/04;1200 UTC;;;;;;;;;;;;;;;;;;
2025/09/04;1300 UTC;;;;;;;;;;;;;;;;;;
2025/09/04;1400 UTC;;;;;;;;;;;;;;;;;;
2025/09/04;1500 UTC;;;;;;;;;;;;;;;;;;
2025/09/04;1600 UTC;;;;;;;;;;;;;;;;;;
2025/09/04;1700 UTC;;;;;;;;;;;;;;;;;;
2025/09/04;1800 UTC;;;;;;;;;;;;;;;;;;
2025/09/04;1900 UTC;;;;;;;;;;;;;;;;;;
2025/09/04;2000 UTC;;;;;;;;;;;;;;;;;;
2025/09/04;2100 UTC;;;;;;;;;;;;;;;;;;
2025/09/04;2200 UTC;;;;;;;;;;;;;;;;;;
2025/09/04;2300 UTC;;;;;;;;;;;;;;;;;;
2025/09/05;0000 UTC;;;;;;;;;;;;;;;;;;
2025/09/05;0100 UTC;;;;;;;;;;;;;;;;;;
2025/09/05;0200 UTC;;;;;;;;;;;;;;;;;;
2025/09/05;0300 UTC;;;;;;;;;;;;;;;;;;
2025/09/05;0400 UTC;;;;;;;;;;;;;;;;;;
2025/09/05;0500 UTC;;;;;;;;;;;;;;;;;;
2025/09/05;0600 UTC;;;;;;;;;;;;;;;;;;
2025/09/05;0700 UTC;;;;;;;;;;;;;;;;;;
2025/09/05;0800 UTC;;;;;;;;;;;;;;;;;;
2025/09/05;0900 UTC;;;;;;;;;;;;;;;;;;
2025/09/05;1000 UTC;;;;;;;;;;;;;;;;;;
2025/09/05;1100 UTC;;;;;;;;;;;;;;;;;;
2025/09/05;1200 UTC;;;;;;;;;;;;;;;;;;
2025/09/05;1300 UTC;;;;;;;;;;;;;;;;;;
2025/09/05;1400 UTC;;;;;;;;;;;;;;;;;;
2025/09/05;1500 UTC;;;;;;;;;;;;;;;;;;
2025/09/05;1600 UTC;;;;;;;;;;;;;;;;;;
2025/09/05;1700 UTC;;;;;;;;;;;;;;;;;;
2025/09/05;1800 UTC;;;;;;;;;;;;;;;;;;
2025/09/05;1900 UTC;;;;;;;;;;;;;;;;;;
2025/09/05;2000 UTC;;;;;;;;;;;;;;;;;;
2025/09/05;2100 UTC;;;;;;;;;;;;;;;;;;
2025/09/05;2200 UTC;;;;;;;;;;;;;;;;;;
2025/09/05;2300 UTC;;;;;;;;;;;;;;;;;;
2025/09/06;0000 UTC;;;;;;;;;;;;;;;;;;
2025/09/06;0100 UTC;;;;;;;;;;;;;;;;;;
2025/09/06;0200 UTC;;;;;;;;;;;;;;;;;;
2025/09/06;0300 UTC;;;;;;;;;;;;;;;;;;
2025/09/06;0400 UTC;;;;;;;;;;;;;;;;;;
2025/09/06;0500 UTC;;;;;;;;;;;;;;;;;;
2025/09/06;0600 UTC;;;;;;;;;;;;;;;;;;
2025/09/06;0700 UTC;;;;;;;;;;;;;;;;;;
2025/09/06;0800 UTC;;;;;;;;;;;;;;;;;;
2025/09/06;0900 UTC;;;;;;;;;;;;;;;;;;
2025/09/06;1000 UTC;;;;;;;;;;;;;;;;;;
2025/09/06;1100 UTC;;;;;;;;;;;;;;;;;;
2025/09/06;1200 UTC;;;;;;;;;;;;;;;;;;
2025/09/06;1300 UTC;;;;;;;;;;;;;;;;;;
2025/09/06;1400 UTC;;;;;;;;;;;;;;;;;;
2025/09/06;1500 UTC;;;;;;;;;;;;;;;;;;
2025/09/06;1600 UTC;;;;;;;;;;;;;;;;;;
2025/09/06;1700 UTC;;;;;;;;;;;;;;;;;;
2025/09/06;1800 UTC;;;;;;;;;;;;;;;;;;
2025/09/06;1900 UTC;;;;;;;;;;;;;;;;;;
2025/09/06;2000 UTC;;;;;;;;;;;;;;;;;;
2025/09/06;2100 UTC;;;;;;;;;;;;;;;;;;
2025/09/06;2200 UTC;;;;;;;;;;;;;;;;;;
2025/09/06;2300 UTC;;;;;;;;;;;;;;;;;;
2025/09/07;0000 UTC;;;;;;;;;;;;;;;;;;
2025/09/07;0100 UTC;;;;;;;;;;;;;;;;;;
2025/09/07;0200 UTC;;;;;;;;;;;;;;;;;;
2025/09/07;0300 UTC;;;;;;;;;;;;;;;;;;
2025/09/07;0400 UTC;;;;;;;;;;;;;;;;;;
2025/09/07;0500 UTC;;;;;;;;;;;;;;;;;;
2025/09/07;0600 UTC;;;;;;;;;;;;;;;;;;
2025/09/07;0700 UTC;;;;;;;;;;;;;;;;;;
2025/09/07;0800 UTC;;;;;;;;;;;;;;;;;;
2025/09/07;0900 UTC;;;;;;;;;;;;;;;;;;
2025/09/07;1000 UTC;;;;;;;;;;;;;;;;;;
2025/09/07;1100 UTC;;;;;;;;;;;;;;;;;;
2025/09/07;1200 UTC;;;;;;;;;;;;;;;;;;
2025/09/07;1300 UTC;;;;;;;;;;;;;;;;;;
2025/09/07;1400 UTC;;;;;;;;;;;;;;;;;;
2025/09/07;1500 UTC;;;;;;;;;;;;;;;;;;
2025/09/07;1600 UTC;;;;;;;;;;;;;;;;;;
2025/09/07;1700 UTC;;;;;;;;;;;;;;;;;;
2025/09/07;1800 UTC;;;;;;;;;;;;;;;;;;
2025/09/07;1900 UTC;;;;;;;;;;;;;;;;;;
2025/09/07;2000 UTC;;;;;;;;;;;;;;;;;;
2025/09/07;2100 UTC;;;;;;;;;;;;;;;;;;
2025/09/07;2200 UTC;;;;;;;;;;;;;;;;;;
2025/09/07;2300 UTC;;;;;;;;;;;;;;;;;;
2025/09/08;0000 UTC;;;;;;;;;;;;;;;;;;
2025/09/08;0100 UTC;;;;;;;;;;;;;;;;;;
2025/09/08;0200 UTC;;;;;;;;;;;;;;;;;;
2025/09/08;0300 UTC;;;;;;;;;;;;;;;;;;
2025/09/08;0400 UTC;;;;;;;;;;;;;;;;;;
2025/09/08;0500 UTC;;;;;;;;;;;;;;;;;;
2025/09/08;0600 UTC;;;;;;;;;;;;;;;;;;
2025/09/08;0700 UTC;;;;;;;;;;;;;;;;;;
2025/09/08;0800 UTC;;;;;;;;;;;;;;;;;;
2025/09/08;0900 UTC;;;;;;;;;;;;;;;;;;
2025/09/08;1000 UTC;;;;;;;;;;;;;;;;;;
2025/09/08;1100 UTC;;;;;;;;;;;;;;;;;;
2025/09/08;1200 UTC;;;;;;;;;;;;;;;;;;
2025/09/08;1300 UTC;;;;;;;;;;;;;;;;;;
2025/09/08;1400 UTC;;;;;;;;;;;;;;;;;;
2025/09/08;1500 UTC;;;;;;;;;;;;;;;;;;
2025/09/08;1600 UTC;;;;;;;;;;;;;;;;;;
2025/09/08;1700 UTC;;;;;;;;;;;;;;;;;;
2025/09/08;1800 UTC;;;;;;;;;;;;;;;;;;
2025/09/08;1900 UTC;;;;;;;;;;;;;;;;;;
2025/09/08;2000 UTC;;;;;;;;;;;;;;;;;;
2025/09/08;2100 UTC;;;;;;;;;;;;;;;;;;
2025/09/08;2200 UTC;;;;;;;;;;;;;;;;;;
2025/09/08;2300 UTC;;;;;;;;;;;;;;;;;;
2025/09/09;0000 UTC;;;;;;;;;;;;;;;;;;
2025/09/09;0100 UTC;;;;;;;;;;;;;;;;;;
2025/09/09;0200 UTC;;;;;;;;;;;;;;;;;;
2025/09/09;0300 UTC;;;;;;;;;;;;;;;;;;
2025/09/09;0400 UTC;;;;;;;;;;;;;;;;;;
2025/09/09;0500 UTC;;;;;;;;;;;;;;;;;;
2025/09/09;0600 UTC;;;;;;;;;;;;;;;;;;
2025/09/09;0700 UTC;;;;;;;;;;;;;;;;;;
2025/09/09;0800 UTC;;;;;;;;;;;;;;;;;;
2025/09/09;0900 UTC;;;;;;;;;;;;;;;;;;
2025/09/09;1000 UTC;;;;;;;;;;;;;;;;;;
2025/09/09;1100 UTC;;;;;;;;;;;;;;;;;;
2025/09/09;1200 UTC;;;;;;;;;;;;;;;;;;
2025/09/09;1300 UTC;;;;;;;;;;;;;;;;;;
2025/09/09;1400 UTC;;;;;;;;;;;;;;;;;;
2025/09/09;1500 UTC;;;;;;;;;;;;;;;;;;
2025/09/09;1600 UTC;;;;;;;;;;;;;;;;;;
2025/09/09;1700 UTC;;;;;;;;;;;;;;;;;;
2025/09/09;1800 UTC;;;;;;;;;;;;;;;;;;
2025/09/09;1900 UTC;;;;;;;;;;;;;;;;;;
2025/09/09;2000 UTC;;;;;;;;;;;;;;;;;;
2025/09/09;2100 UTC;;;;;;;;;;;;;;;;;;
2025/09/09;2200 UTC;;;;;;;;;;;;;;;;;;
2025/09/09;2300 UTC;;;;;;;;;;;;;;;;;;
2025/09/10;0000 UTC;;;;;;;;;;;;;;;;;;
2025/09/10;0100 UTC;;;;;;;;;;;;;;;;;;
2025/09/10;0200 UTC;;;;;;;;;;;;;;;;;;
2025/09/10;0300 UTC;;;;;;;;;;;;;;;;;;
2025/09/10;0400 UTC;;;;;;;;;;;;;;;;;;
2025/09/10;0500 UTC;;;;;;;;;;;;;;;;;;
2025/09/10;0600 UTC;;;;;;;;;;;;;;;;;;
2025/09/10;0700 UTC;;;;;;;;;;;;;;;;;;
2025/09/10;0800 UTC;;;;;;;;;;;;;;;;;;
2025/09/10;0900 UTC;;;;;;;;;;;;;;;;;;
2025/09/10;1000 UTC;;;;;;;;;;;;;;;;;;
2025/09/10;1100 UTC;;;;;;;;;;;;;;;;;;
2025/09/10;1200 UTC;;;;;;;;;;;;;;;;;;
2025/09/10;1300 UTC;;;;;;;;;;;;;;;;;;
2025/09/10;1400 UTC;;;;;;;;;;;;;;;;;;
2025/09/10;1500 UTC;;;;;;;;;;;;;;;;;;
2025/09/10;1600 UTC;;;;;;;;;;;;;;;;;;
2025/09/10;1700 UTC;;;;;;;;;;;;;;;;;;
2025/09/10;1800 UTC;;;;;;;;;;;;;;;;;;
2025/09/10;1900 UTC;;;;;;;;;;;;;;;;;;
2025/09/10;2000 UTC;;;;;;;;;;;;;;;;;;
2025/09/10;2100 UTC;;;;;;;;;;;;;;;;;;
2025/09/10;2200 UTC;;;;;;;;;;;;;;;;;;
2025/09/10;2300 UTC;;;;;;;;;;;;;;;;;;
2025/09/11;0000 UTC;;;;;;;;;;;;;;;;;;
2025/09/11;0100 UTC;;;;;;;;;;;;;;;;;;
2025/09/11;0200 UTC;;;;;;;;;;;;;;;;;;
2025/09/11;0300 UTC;;;;;;;;;;;;;;;;;;
2025/09/11;0400 UTC;;;;;;;;;;;;;;;;;;
2025/09/11;0500 UTC;;;;;;;;;;;;;;;;;;
2025/09/11;0600 UTC;;;;;;;;;;;;;;;;;;
2025/09/11;0700 UTC;;;;;;;;;;;;;;;;;;
2025/09/11;0800 UTC;;;;;;;;;;;;;;;;;;
2025/09/11;0900 UTC;;;;;;;;;;;;;;;;;;
2025/09/11;1000 UTC;;;;;;;;;;;;;;;;;;
2025/09/11;1100 UTC;;;;;;;;;;;;;;;;;;
2025/09/11;1200 UTC;;;;;;;;;;;;;;;;;;
2025/09/11;1300 UTC;;;;;;;;;;;;;;;;;;
2025/09/11;1400 UTC;;;;;;;;;;;;;;;;;;
2025/09/11;1500 UTC;;;;;;;;;;;;;;;;;;
2025/09/11;1600 UTC;;;;;;;;;;;;;;;;;;
2025/09/11;1700 UTC;;;;;;;;;;;;;;;;;;
2025/09/11;1800 UTC;;;;;;;;;;;;;;;;;;
2025/09/11;1900 UTC;;;;;;;;;;;;;;;;;;
2025/09/11;2000 UTC;;;;;;;;;;;;;;;;;;
2025/09/11;2100 UTC;;;;;;;;;;;;;;;;;;
2025/09/11;2200 UTC;;;;;;;;;;;;;;;;;;
2025/09/11;2300 UTC;;;;;;;;;;;;;;;;;;
2025/09/12;0000 UTC;;;;;;;;;;;;;;;;;;
2025/09/12;0100 UTC;;;;;;;;;;;;;;;;;;
2025/09/12;0200 UTC;;;;;;;;;;;;;;;;;;
2025/09/12;0300 UTC;;;;;;;;;;;;;;;;;;
2025/09/12;0400 UTC;;;;;;;;;;;;;;;;;;
2025/09/12;0500 UTC;;;;;;;;;;;;;;;;;;
2025/09/12;0600 UTC;;;;;;;;;;;;;;;;;;
2025/09/12;0700 UTC;;;;;;;;;;;;;;;;;;
2025/09/12;0800 UTC;;;;;;;;;;;;;;;;;;
2025/09/12;0900 UTC;;;;;;;;;;;;;;;;;;
2025/09/12;1000 UTC;;;;;;;;;;;;;;;;;;
2025/09/12;1100 UTC;;;;;;;;;;;;;;;;;;
2025/09/12;1200 UTC;;;;;;;;;;;;;;;;;;
2025/09/12;1300 UTC;;;;;;;;;;;;;;;;;;
2025/09/12;1400 UTC;;;;;;;;;;;;;;;;;;
2025/09/12;1500 UTC;;;;;;;;;;;;;;;;;;
2025/09/12;1600 UTC;;;;;;;;;;;;;;;;;;
2025/09/12;1700 UTC;;;;;;;;;;;;;;;;;;
2025/09/12;1800 UTC;;;;;;;;;;;;;;;;;;
2025/09/12;1900 UTC;;;;;;;;;;;;;;;;;;
2025/09/12;2000 UTC;;;;;;;;;;;;;;;;;;
2025/09/12;2100 UTC;;;;;;;;;;;;;;;;;;
2025/09/12;2200 UTC;;;;;;;;;;;;;;;;;;
2025/09/12;2300 UTC;;;;;;;;;;;;;;;;;;
2025/09/13;0000 UTC;;;;;;;;;;;;;;;;;;
2025/09/13;0100 UTC;;;;;;;;;;;;;;;;;;
2025/09/13;0200 UTC;;;;;;;;;;;;;;;;;;
2025/09/13;0300 UTC;;;;;;;;;;;;;;;;;;
2025/09/13;0400 UTC;;;;;;;;;;;;;;;;;;
2025/09/13;0500 UTC;;;;;;;;;;;;;;;;;;
2025/09/13;0600 UTC;;;;;;;;;;;;;;;;;;
2025/09/13;0700 UTC;;;;;;;;;;;;;;;;;;
2025/09/13;0800 UTC;;;;;;;;;;;;;;;;;;
2025/09/13;0900 UTC;;;;;;;;;;;;;;;;;;
2025/09/13;1000 UTC;;;;;;;;;;;;;;;;;;
2025/09/13;1100 UTC;;;;;;;;;;;;;;;;;;
2025/09/13;1200 UTC;;;;;;;;;;;;;;;;;;
2025/09/13;1300 UTC;;;;;;;;;;;;;;;;;;
2025/09/13;1400 UTC;;;;;;;;;;;;;;;;;;
2025/09/13;1500 UTC;;;;;;;;;;;;;;;;;;
2025/09/13;1600 UTC;;;;;;;;;;;;;;;;;;
2025/09/13;1700 UTC;;;;;;;;;;;;;;;;;;
2025/09/13;1800 UTC;;;;;;;;;;;;;;;;;;
2025/09/13;1900 UTC;;;;;;;;;;;;;;;;;;
2025/09/13;2000 UTC;;;;;;;;;;;;;;;;;;
2025/09/13;2100 UTC;;;;;;;;;;;;;;;;;;
2025/09/13;2200 UTC;;;;;;;;;;;;;;;;;;
2025/09/13;2300 UTC;;;;;;;;;;;;;;;;;;
2025/09/14;0000 UTC;;;;;;;;;;;;;;;;;;
2025/09/14;0100 UTC;;;;;;;;;;;;;;;;;;
2025/09/14;0200 UTC;;;;;;;;;;;;;;;;;;
2025/09/14;0300 UTC;;;;;;;;;;;;;;;;;;
2025/09/14;0400 UTC;;;;;;;;;;;;;;;;;;
2025/09/14;0500 UTC;;;;;;;;;;;;;;;;;;
2025/09/14;0600 UTC;;;;;;;;;;;;;;;;;;
2025/09/14;0700 UTC;;;;;;;;;;;;;;;;;;
2025/09/14;0800 UTC;;;;;;;;;;;;;;;;;;
2025/09/14;0900 UTC;;;;;;;;;;;;;;;;;;
2025/09/14;1000 UTC;;;;;;;;;;;;;;;;;;
2025/09/14;1100 UTC;;;;;;;;;;;;;;;;;;
2025/09/14;1200 UTC;;;;;;;;;;;;;;;;;;
2025/09/14;1300 UTC;;;;;;;;;;;;;;;;;;
2025/09/14;1400 UTC;;;;;;;;;;;;;;;;;;
2025/09/14;1500 UTC;;;;;;;;;;;;;;;;;;
2025/09/14;1600 UTC;;;;;;;;;;;;;;;;;;
2025/09/14;1700 UTC;;;;;;;;;;;;;;;;;;
2025/09/14;1800 UTC;;;;;;;;;;;;;;;;;;
2025/09/14;1900 UTC;;;;;;;;;;;;;;;;;;
2025/09/14;2000 UTC;;;;;;;;;;;;;;;;;;
2025/09/14;2100 UTC;;;;;;;;;;;;;;;;;;
2025/09/14;2200 UTC;;;;;;;;;;;;;;;;;;
2025/09/14;2300 UTC;;;;;;;;;;;;;;;;;;
2025/09/15;0000 UTC;;;;;;;;;;;;;;;;;;
2025/09/15;0100 UTC;;;;;;;;;;;;;;;;;;
2025/09/15;0200 UTC;;;;;;;;;;;;;;;;;;
2025/09/15;0300 UTC;;;;;;;;;;;;;;;;;;
2025/09/15;0400 UTC;;;;;;;;;;;;;;;;;;
2025/09/15;0500 UTC;;;;;;;;;;;;;;;;;;
2025/09/15;0600 UTC;;;;;;;;;;;;;;;;;;
2025/09/15;0700 UTC;;;;;;;;;;;;;;;;;;
2025/09/15;0800 UTC;;;;;;;;;;;;;;;;;;
2025/09/15;0900 UTC;;;;;;;;;;;;;;;;;;
2025/09/15;1000 UTC;;;;;;;;;;;;;;;;;;
2025/09/15;1100 UTC;;;;;;;;;;;;;;;;;;
2025/09/15;1200 UTC;;;;;;;;;;;;;;;;;;
2025/09/15;1300 UTC;;;;;;;;;;;;;;;;;;
2025/09/15;1400 UTC;;;;;;;;;;;;;;;;;;
2025/09/15;1500 UTC;;;;;;;;;;;;;;;;;;
2025/09/15;1600 UTC;;;;;;;;;;;;;;;;;;
2025/09/15;1700 UTC;;;;;;;;;;;;;;;;;;
2025/09/15;1800 UTC;;;;;;;;;;;;;;;;;;
2025/09/15;1900 UTC;;;;;;;;;;;;;;;;;;
2025/09/15;2000 UTC;;;;;;;;;;;;;;;;;;
2025/09/15;2100 UTC;;;;;;;;;;;;;;;;;;
2025/09/15;2200 UTC;;;;;;;;;;;;;;;;;;
2025/09/15;2300 UTC;;;;;;;;;;;;;;;;;;
2025/09/16;0000 UTC;;;;;;;;;;;;;;;;;;
2025/09/16;0100 UTC;;;;;;;;;;;;;;;;;;
2025/09/16;0200 UTC;;;;;;;;;;;;;;;;;;
2025/09/16;0300 UTC;;;;;;;;;;;;;;;;;;
2025/09/16;0400 UTC;;;;;;;;;;;;;;;;;;
2025/09/16;0500 UTC;;;;;;;;;;;;;;;;;;
2025/09/16;0600 UTC;;;;;;;;;;;;;;;;;;
2025/09/16;0700 UTC;;;;;;;;;;;;;;;;;;
2025/09/16;0800 UTC;;;;;;;;;;;;;;;;;;
2025/09/16;0900 UTC;;;;;;;;;;;;;;;;;;
2025/09/16;1000 UTC;;;;;;;;;;;;;;;;;;
2025/09/16;1100 UTC;;;;;;;;;;;;;;;;;;
2025/09/16;1200 UTC;;;;;;;;;;;;;;;;;;
2025/09/16;1300 UTC;;;;;;;;;;;;;;;;;;
2025/09/16;1400 UTC;;;;;;;;;;;;;;;;;;
2025/09/16;1500 UTC;;;;;;;;;;;;;;;;;;
2025/09/16;1600 UTC;;;;;;;;;;;;;;;;;;
2025/09/16;1700 UTC;;;;;;;;;;;;;;;;;;
2025/09/16;1800 UTC;;;;;;;;;;;;;;;;;;
2025/09/16;1900 UTC;;;;;;;;;;;;;;;;;;
2025/09/16;2000 UTC;;;;;;;;;;;;;;;;;;
2025/09/16;2100 UTC;;;;;;;;;;;;;;;;;;
2025/09/16;2200 UTC;;;;;;;;;;;;;;;;;;
2025/09/16;2300 UTC;;;;;;;;;;;;;;;;;;
2025/09/17;0000 UTC;;;;;;;;;;;;;;;;;;
2025/09/17;0100 UTC;;;;;;;;;;;;;;;;;;
2025/09/17;0200 UTC;;;;;;;;;;;;;;;;;;
2025/09/17;0300 UTC;;;;;;;;;;;;;;;;;;
2025/09/17;0400 UTC;;;;;;;;;;;;;;;;;;
2025/09/17;0500 UTC;;;;;;;;;;;;;;;;;;
2025/09/17;0600 UTC;;;;;;;;;;;;;;;;;;
2025/09/17;0700 UTC;;;;;;;;;;;;;;;;;;
2025/09/17;0800 UTC;;;;;;;;;;;;;;;;;;
2025/09/17;0900 UTC;;;;;;;;;;;;;;;;;;
2025/09/17;1000 UTC;;;;;;;;;;;;;;;;;;
2025/09/17;1100 UTC;;;;;;;;;;;;;;;;;;
2025/09/17;1200 UTC;;;;;;;;;;;;;;;;;;
2025/09/17;1300 UTC;;;;;;;;;;;;;;;;;;
2025/09/17;1400 UTC;;;;;;;;;;;;;;;;;;
2025/09/17;1500 UTC;;;;;;;;;;;;;;;;;;
2025/09/17;1600 UTC;;;;;;;;;;;;;;;;;;
2025/09/17;1700 UTC;;;;;;;;;;;;;;;;;;
2025/09/17;1800 UTC;;;;;;;;;;;;;;;;;;
2025/09/17;1900 UTC;;;;;;;;;;;;;;;;;;
2025/09/17;2000 UTC;;;;;;;;;;;;;;;;;;
2025/09/17;2100 UTC;;;;;;;;;;;;;;;;;;
2025/09/17;2200 UTC;;;;;;;;;;;;;;;;;;
2025/09/17;2300 UTC;;;;;;;;;;;;;;;;;;
2025/09/18;0000 UTC;;;;;;;;;;;;;;;;;;
2025/09/18;0100 UTC;;;;;;;;;;;;;;;;;;
2025/09/18;0200 UTC;;;;;;;;;;;;;;;;;;
2025/09/18;0300 UTC;;;;;;;;;;;;;;;;;;
2025/09/18;0400 UTC;;;;;;;;;;;;;;;;;;
2025/09/18;0500 UTC;;;;;;;;;;;;;;;;;;
2025/09/18;0600 UTC;;;;;;;;;;;;;;;;;;
2025/09/18;0700 UTC;;;;;;;;;;;;;;;;;;
2025/09/18;0800 UTC;;;;;;;;;;;;;;;;;;
2025/09/18;0900 UTC;;;;;;;;;;;;;;;;;;
2025/09/18;1000 UTC;;;;;;;;;;;;;;;;;;
2025/09/18;1100 UTC;;;;;;;;;;;;;;;;;;
2025/09/18;1200 UTC;;;;;;;;;;;;;;;;;;
2025/09/18;1300 UTC;;;;;;;;;;;;;;;;;;
2025/09/18;1400 UTC;;;;;;;;;;;;;;;;;;
2025/09/18;1500 UTC;;;;;;;;;;;;;;;;;;
2025/09/18;1600 UTC;;;;;;;;;;;;;;;;;;
2025/09/18;1700 UTC;;;;;;;;;;;;;;;;;;
2025/09/18;1800 UTC;;;;;;;;;;;;;;;;;;
2025/09/18;1900 UTC;;;;;;;;;;;;;;;;;;
2025/09/18;2000 UTC;;;;;;;;;;;;;;;;;;
2025/09/18;2100 UTC;;;;;;;;;;;;;;;;;;
2025/09/18;2200 UTC;;;;;;;;;;;;;;;;;;
2025/09/18;2300 UTC;;;;;;;;;;;;;;;;;;
2025/09/19;0000 UTC;;;;;;;;;;;;;;;;;;
2025/09/19;0100 UTC;;;;;;;;;;;;;;;;;;
2025/09/19;0200 UTC;;;;;;;;;;;;;;;;;;
2025/09/19;0300 UTC;;;;;;;;;;;;;;;;;;
2025/09/19;0400 UTC;;;;;;;;;;;;;;;;;;
2025/09/19;0500 UTC;;;;;;;;;;;;;;;;;;
2025/09/19;0600 UTC;;;;;;;;;;;;;;;;;;
2025/09/19;0700 UTC;;;;;;;;;;;;;;;;;;
2025/09/19;0800 UTC;;;;;;;;;;;;;;;;;;
2025/09/19;0900 UTC;;;;;;;;;;;;;;;;;;
2025/09/19;1000 UTC;;;;;;;;;;;;;;;;;;
2025/09/19;1100 UTC;;;;;;;;;;;;;;;;;;
2025/09/19;1200 UTC;;;;;;;;;;;;;;;;;;
2025/09/19;1300 UTC;;;;;;;;;;;;;;;;;;
2025/09/19;1400 UTC;;;;;;;;;;;;;;;;;;
2025/09/19;1500 UTC;;;;;;;;;;;;;;;;;;
2025/09/19;1600 UTC;;;;;;;;;;;;;;;;;;
2025/09/19;1700 UTC;;;;;;;;;;;;;;;;;;
2025/09/19;1800 UTC;;;;;;;;;;;;;;;;;;
2025/09/19;1900 UTC;;;;;;;;;;;;;;;;;;
2025/09/19;2000 UTC;;;;;;;;;;;;;;;;;;
2025/09/19;2100 UTC;;;;;;;;;;;;;;;;;;
2025/09/19;2200 UTC;;;;;;;;;;;;;;;;;;
2025/09/19;2300 UTC;;;;;;;;;;;;;;;;;;
2025/09/20;0000 UTC;;;;;;;;;;;;;;;;;;
2025/09/20;0100 UTC;;;;;;;;;;;;;;;;;;
2025/09/20;0200 UTC;;;;;;;;;;;;;;;;;;
2025/09/20;0300 UTC;;;;;;;;;;;;;;;;;;
2025/09/20;0400 UTC;;;;;;;;;;;;;;;;;;
2025/09/20;0500 UTC;;;;;;;;;;;;;;;;;;
2025/09/20;0600 UTC;;;;;;;;;;;;;;;;;;
2025/09/20;0700 UTC;;;;;;;;;;;;;;;;;;
2025/09/20;0800 UTC;;;;;;;;;;;;;;;;;;
2025/09/20;0900 UTC;;;;;;;;;;;;;;;;;;
2025/09/20;1000 UTC;;;;;;;;;;;;;;;;;;
2025/09/20;1100 UTC;;;;;;;;;;;;;;;;;;
2025/09/20;1200 UTC;;;;;;;;;;;;;;;;;;
2025/09/20;1300 UTC;;;;;;;;;;;;;;;;;;
2025/09/20;1400 UTC;;;;;;;;;;;;;;;;;;
2025/09/20;1500 UTC;;;;;;;;;;;;;;;;;;
2025/09/20;1600 UTC;;;;;;;;;;;;;;;;;;
2025/09/20;1700 UTC;;;;;;;;;;;;;;;;;;
2025/09/20;1800 UTC;;;;;;;;;;;;;;;;;;
2025/09/20;1900 UTC;;;;;;;;;;;;;;;;;;
2025/09/20;2000 UTC;;;;;;;;;;;;;;;;;;
2025/09/20;2100 UTC;;;;;;;;;;;;;;;;;;
2025/09/20;2200 UTC;;;;;;;;;;;;;;;;;;
2025/09/20;2300 UTC;;;;;;;;;;;;;;;;;;
2025/09/21;0000 UTC;;;;;;;;;;;;;;;;;;
2025/09/21;0100 UTC;;;;;;;;;;;;;;;;;;
2025/09/21;0200 UTC;;;;;;;;;;;;;;;;;;
2025/09/21;0300 UTC;;;;;;;;;;;;;;;;;;
2025/09/21;0400 UTC;;;;;;;;;;;;;;;;;;
2025/09/21;0500 UTC;;;;;;;;;;;;;;;;;;
2025/09/21;0600 UTC;;;;;;;;;;;;;;;;;;
2025/09/21;0700 UTC;;;;;;;;;;;;;;;;;;
2025/09/21;0800 UTC;;;;;;;;;;;;;;;;;;
2025/09/21;0900 UTC;;;;;;;;;;;;;;;;;;
2025/09/21;1000 UTC;;;;;;;;;;;;;;;;;;
2025/09/21;1100 UTC;;;;;;;;;;;;;;;;;;
2025/09/21;1200 UTC;;;;;;;;;;;;;;;;;;
2025/09/21;1300 UTC;;;;;;;;;;;;;;;;;;
2025/09/21;1400 UTC;;;;;;;;;;;;;;;;;;
2025/09/21;1500 UTC;;;;;;;;;;;;;;;;;;
2025/09/21;1600 UTC;;;;;;;;;;;;;;;;;;
2025/09/21;1700 UTC;;;;;;;;;;;;;;;;;;
2025/09/21;1800 UTC;;;;;;;;;;;;;;;;;;
2025/09/21;1900 UTC;;;;;;;;;;;;;;;;;;
2025/09/21;2000 UTC;;;;;;;;;;;;;;;;;;
2025/09/21;2100 UTC;;;;;;;;;;;;;;;;;;
2025/09/21;2200 UTC;;;;;;;;;;;;;;;;;;
2025/09/21;2300 UTC;;;;;;;;;;;;;;;;;;
2025/09/22;0000 UTC;;;;;;;;;;;;;;;;;;
2025/09/22;0100 UTC;;;;;;;;;;;;;;;;;;
2025/09/22;0200 UTC;;;;;;;;;;;;;;;;;;
2025/09/22;0300 UTC;;;;;;;;;;;;;;;;;;
2025/09/22;0400 UTC;;;;;;;;;;;;;;;;;;
2025/09/22;0500 UTC;;;;;;;;;;;;;;;;;;
2025/09/22;0600 UTC;;;;;;;;;;;;;;;;;;
2025/09/22;0700 UTC;;;;;;;;;;;;;;;;;;
2025/09/22;0800 UTC;;;;;;;;;;;;;;;;;;
2025/09/22;0900 UTC;;;;;;;;;;;;;;;;;;
2025/09/22;1000 UTC;;;;;;;;;;;;;;;;;;
2025/09/22;1100 UTC;;;;;;;;;;;;;;;;;;
2025/09/22;1200 UTC;;;;;;;;;;;;;;;;;;
2025/09/22;1300 UTC;;;;;;;;;;;;;;;;;;
2025/09/22;1400 UTC;;;;;;;;;;;;;;;;;;
2025/09/22;1500 UTC;;;;;;;;;;;;;;;;;;
2025/09/22;1600 UTC;;;;;;;;;;;;;;;;;;
2025/09/22;1700 UTC;;;;;;;;;;;;;;;;;;
2025/09/22;1800 UTC;;;;;;;;;;;;;;;;;;
2025/09/22;1900 UTC;;;;;;;;;;;;;;;;;;
2025/09/22;2000 UTC;;;;;;;;;;;;;;;;;;
2025/09/22;2100 UTC;;;;;;;;;;;;;;;;;;
2025/09/22;2200 UTC;;;;;;;;;;;;;;;;;;
2025/09/22;2300 UTC;;;;;;;;;;;;;;;;;;
2025/09/23;0000 UTC;;;;;;;;;;;;;;;;;;
2025/09/23;0100 UTC;;;;;;;;;;;;;;;;;;
2025/09/23;0200 UTC;;;;;;;;;;;;;;;;;;
2025/09/23;0300 UTC;;;;;;;;;;;;;;;;;;
2025/09/23;0400 UTC;;;;;;;;;;;;;;;;;;
2025/09/23;0500 UTC;;;;;;;;;;;;;;;;;;
2025/09/23;0600 UTC;;;;;;;;;;;;;;;;;;
2025/09/23;0700 UTC;;;;;;;;;;;;;;;;;;
2025/09/23;0800 UTC;;;;;;;;;;;;;;;;;;
2025/09/23;0900 UTC;;;;;;;;;;;;;;;;;;
2025/09/23;1000 UTC;;;;;;;;;;;;;;;;;;
2025/09/23;1100 UTC;;;;;;;;;;;;;;;;;;
2025/09/23;1200 UTC;;;;;;;;;;;;;;;;;;
2025/09/23;1300 UTC;;;;;;;;;;;;;;;;;;
2025/09/23;1400 UTC;;;;;;;;;;;;;;;;;;
2025/09/23;1500 UTC;;;;;;;;;;;;;;;;;;
2025/09/23;1600 UTC;;;;;;;;;;;;;;;;;;
2025/09/23;1700 UTC;;;;;;;;;;;;;;;;;;
2025/09/23;1800 UTC;;;;;;;;;;;;;;;;;;
2025/09/23;1900 UTC;;;;;;;;;;;;;;;;;;
2025/09/23;2000 UTC;;;;;;;;;;;;;;;;;;
2025/09/23;2100 UTC;;;;;;;;;;;;;;;;;;
2025/09/23;2200 UTC;;;;;;;;;;;;;;;;;;
2025/09/23;2300 UTC;;;;;;;;;;;;;;;;;;
2025/09/24;0000 UTC;;;;;;;;;;;;;;;;;;
2025/09/24;0100 UTC;;;;;;;;;;;;;;;;;;
2025/09/24;0200 UTC;;;;;;;;;;;;;;;;;;
2025/09/24;0300 UTC;;;;;;;;;;;;;;;;;;
2025/09/24;0400 UTC;;;;;;;;;;;;;;;;;;
2025/09/24;0500 UTC;;;;;;;;;;;;;;;;;;
2025/09/24;0600 UTC;;;;;;;;;;;;;;;;;;
2025/09/24;0700 UTC;;;;;;;;;;;;;;;;;;
2025/09/24;0800 UTC;;;;;;;;;;;;;;;;;;
2025/09/24;0900 UTC;;;;;;;;;;;;;;;;;;
2025/09/24;1000 UTC;;;;;;;;;;;;;;;;;;
2025/09/24;1100 UTC;;;;;;;;;;;;;;;;;;
2025/09/24;1200 UTC;;;;;;;;;;;;;;;;;;
2025/09/24;1300 UTC;;;;;;;;;;;;;;;;;;
2025/09/24;1400 UTC;;;;;;;;;;;;;;;;;;
2025/09/24;1500 UTC;;;;;;;;;;;;;;;;;;
2025/09/24;1600 UTC;;;;;;;;;;;;;;;;;;
2025/09/24;1700 UTC;;;;;;;;;;;;;;;;;;
2025/09/24;1800 UTC;;;;;;;;;;;;;;;;;;
2025/09/24;1900 UTC;;;;;;;;;;;;;;;;;;
2025/09/24;2000 UTC;;;;;;;;;;;;;;;;;;
2025/09/24;2100 UTC;;;;;;;;;;;;;;;;;;
2025/09/24;2200 UTC;;;;;;;;;;;;;;;;;;
2025/09/24;2300 UTC;;;;;;;;;;;;;;;;;;
2025/09/25;0000 UTC;;;;;;;;;;;;;;;;;;
2025/09/25;0100 UTC;;;;;;;;;;;;;;;;;;
2025/09/25;0200 UTC;;;;;;;;;;;;;;;;;;
2025/09/25;0300 UTC;;;;;;;;;;;;;;;;;;
2025/09/25;0400 UTC;;;;;;;;;;;;;;;;;;
2025/09/25;0500 UTC;;;;;;;;;;;;;;;;;;
2025/09/25;0600 UTC;;;;;;;;;;;;;;;;;;
2025/09/25;0700 UTC;;;;;;;;;;;;;;;;;;
2025/09/25;0800 UTC;;;;;;;;;;;;;;;;;;
2025/09/25;0900 UTC;;;;;;;;;;;;;;;;;;
2025/09/25;1000 UTC;;;;;;;;;;;;;;;;;;
2025/09/25;1100 UTC;;;;;;;;;;;;;;;;;;
2025/09/25;1200 UTC;;;;;;;;;;;;;;;;;;
2025/09/25;1300 UTC;;;;;;;;;;;;;;;;;;
2025/09/25;1400 UTC;;;;;;;;;;;;;;;;;;
2025/09/25;1500 UTC;;;;;;;;;;;;;;;;;;
2025/09/25;1600 UTC;;;;;;;;;;;;;;;;;;
2025/09/25;1700 UTC;;;;;;;;;;;;;;;;;;
2025/09/25;1800 UTC;;;;;;;;;;;;;;;;;;
2025/09/25;1900 UTC;;;;;;;;;;;;;;;;;;
2025/09/25;2000 UTC;;;;;;;;;;;;;;;;;;
2025/09/25;2100 UTC;;;;;;;;;;;;;;;;;;
2025/09/25;2200 UTC;;;;;;;;;;;;;;;;;;
2025/09/25;2300 UTC;;;;;;;;;;;;;;;;;;
2025/09/26;0000 UTC;;;;;;;;;;;;;;;;;;
2025/09/26;0100 UTC;;;;;;;;;;;;;;;;;;
2025/09/26;0200 UTC;;;;;;;;;;;;;;;;;;
2025/09/26;0300 UTC;;;;;;;;;;;;;;;;;;
2025/09/26;0400 UTC;;;;;;;;;;;;;;;;;;
2025/09/26;0500 UTC;;;;;;;;;;;;;;;;;;
2025/09/26;0600 UTC;;;;;;;;;;;;;;;;;;
2025/09/26;0700 UTC;;;;;;;;;;;;;;;;;;
2025/09/26;0800 UTC;;;;;;;;;;;;;;;;;;
2025/09/26;0900 UTC;;;;;;;;;;;;;;;;;;
2025/09/26;1000 UTC;;;;;;;;;;;;;;;;;;
2025/09/26;1100 UTC;;;;;;;;;;;;;;;;;;
2025/09/26;1200 UTC;;;;;;;;;;;;;;;;;;
2025/09/26;1300 UTC;;;;;;;;;;;;;;;;;;
2025/09/26;1400 UTC;;;;;;;;;;;;;;;;;;
2025/09/26;1500 UTC;;;;;;;;;;;;;;;;;;
2025/09/26;1600 UTC;;;;;;;;;;;;;;;;;;
2025/09/26;1700 UTC;;;;;;;;;;;;;;;;;;
2025/09/26;1800 UTC;;;;;;;;;;;;;;;;;;
2025/09/26;1900 UTC;;;;;;;;;;;;;;;;;;
2025/09/26;2000 UTC;;;;;;;;;;;;;;;;;;
2025/09/26;2100 UTC;;;;;;;;;;;;;;;;;;
2025/09/26;2200 UTC;;;;;;;;;;;;;;;;;;
2025/09/26;2300 UTC;;;;;;;;;;;;;;;;;;
2025/09/27;0000 UTC;;;;;;;;;;;;;;;;;;
2025/09/27;0100 UTC;;;;;;;;;;;;;;;;;;
2025/09/27;0200 UTC;;;;;;;;;;;;;;;;;;
2025/09/27;0300 UTC;;;;;;;;;;;;;;;;;;
2025/09/27;0400 UTC;;;;;;;;;;;;;;;;;;
2025/09/27;0500 UTC;;;;;;;;;;;;;;;;;;
2025/09/27;0600 UTC;;;;;;;;;;;;;;;;;;
2025/09/27;0700 UTC;;;;;;;;;;;;;;;;;;
2025/09/27;0800 UTC;;;;;;;;;;;;;;;;;;
2025/09/27;0900 UTC;;;;;;;;;;;;;;;;;;
2025/09/27;1000 UTC;;;;;;;;;;;;;;;;;;
2025/09/27;1100 UTC;;;;;;;;;;;;;;;;;;
2025/09/27;1200 UTC;;;;;;;;;;;;;;;;;;
2025/09/27;1300 UTC;;;;;;;;;;;;;;;;;;
2025/09/27;1400 UTC;;;;;;;;;;;;;;;;;;
2025/09/27;1500 UTC;;;;;;;;;;;;;;;;;;
2025/09/27;1600 UTC;;;;;;;;;;;;;;;;;;
2025/09/27;1700 UTC;;;;;;;;;;;;;;;;;;
2025/09/27;1800 UTC;;;;;;;;;;;;;;;;;;
2025/09/27;1900 UTC;;;;;;;;;;;;;;;;;;
2025/09/27;2000 UTC;;;;;;;;;;;;;;;;;;
2025/09/27;2100 UTC;;;;;;;;;;;;;;;;;;
2025/09/27;2200 UTC;;;;;;;;;;;;;;;;;;
2025/09/27;2300 UTC;;;;;;;;;;;;;;;;;;
2025/09/28;0000 UTC;;;;;;;;;;;;;;;;;;
2025/09/28;0100 UTC;;;;;;;;;;;;;;;;;;
2025/09/28;0200 UTC;;;;;;;;;;;;;;;;;;
2025/09/28;0300 UTC;;;;;;;;;;;;;;;;;;
2025/09/28;0400 UTC;;;;;;;;;;;;;;;;;;
2025/09/28;0500 UTC;;;;;;;;;;;;;;;;;;
2025/09/28;0600 UTC;;;;;;;;;;;;;;;;;;
2025/09/28;0700 UTC;;;;;;;;;;;;;;;;;;
2025/09/28;0800 UTC;;;;;;;;;;;;;;;;;;
2025/09/28;0900 UTC;;;;;;;;;;;;;;;;;;
2025/09/28;1000 UTC;;;;;;;;;;;;;;;;;;
2025/09/28;1100 UTC;;;;;;;;;;;;;;;;;;
2025/09/28;1200 UTC;;;;;;;;;;;;;;;;;;
2025/09/28;1300 UTC;;;;;;;;;;;;;;;;;;
2025/09/28;1400 UTC;;;;;;;;;;;;;;;;;;
2025/09/28;1500 UTC;;;;;;;;;;;;;;;;;;
2025/09/28;1600 UTC;;;;;;;;;;;;;;;;;;
2025/09/28;1700 UTC;;;;;;;;;;;;;;;;;;
2025/09/28;1800 UTC;;;;;;;;;;;;;;;;;;
2025/09/28;1900 UTC;;;;;;;;;;;;;;;;;;
2025/09/28;2000 UTC;;;;;;;;;;;;;;;;;;
2025/09/28;2100 UTC;;;;;;;;;;;;;;;;;;
2025/09/28;2200 UTC;;;;;;;;;;;;;;;;;;
2025/09/28;2300 UTC;;;;;;;;;;;;;;;;;;
2025/09/29;0000 UTC;;;;;;;;;;;;;;;;;;
2025/09/29;0100 UTC;;;;;;;;;;;;;;;;;;
2025/09/29;0200 UTC;;;;;;;;;;;;;;;;;;
2025/09/29;0300 UTC;;;;;;;;;;;;;;;;;;
2025/09/29;0400 UTC;;;;;;;;;;;;;;;;;;
2025/09/29;0500 UTC;;;;;;;;;;;;;;;;;;
2025/09/29;0600 UTC;;;;;;;;;;;;;;;;;;
2025/09/29;0700 UTC;;;;;;;;;;;;;;;;;;
2025/09/29;0800 UTC;;;;;;;;;;;;;;;;;;
2025/09/29;0900 UTC;;;;;;;;;;;;;;;;;;
2025/09/29;1000 UTC;;;;;;;;;;;;;;;;;;
2025/09/29;1100 UTC;;;;;;;;;;;;;;;;;;
2025/09/29;1200 UTC;;;;;;;;;;;;;;;;;;
2025/09/29;1300 UTC;;;;;;;;;;;;;;;;;;
2025/09/29;1400 UTC;;;;;;;;;;;;;;;;;;
2025/09/29;1500 UTC;;;;;;;;;;;;;;;;;;
2025/09/29;1600 UTC;;;;;;;;;;;;;;;;;;
2025/09/29;1700 UTC;;;;;;;;;;;;;;;;;;
2025/09/29;1800 UTC;;;;;;;;;;;;;;;;;;
2025/09/29;1900 UTC;;;;;;;;;;;;;;;;;;
2025/09/29;2000 UTC;;;;;;;;;;;;;;;;;;
2025/09/29;2100 UTC;;;;;;;;;;;;;;;;;;
2025/09/29;2200 UTC;;;;;;;;;;;;;;;;;;
2025/09/29;2300 UTC;;;;;;;;;;;;;;;;;;
2025/09/30;0000 UTC;;;;;;;;;;;;;;;;;;
2025/09/30;0100 UTC;;;;;;;;;;;;;;;;;;
2025/09/30;0200 UTC;;;;;;;;;;;;;;;;;;
2025/09/30;0300 UTC;;;;;;;;;;;;;;;;;;
2025/09/30;0400 UTC;;;;;;;;;;;;;;;;;;
2025/09/30;0500 UTC;;;;;;;;;;;;;;;;;;
2025/09/30;0600 UTC;;;;;;;;;;;;;;;;;;
2025/09/30;0700 UTC;;;;;;;;;;;;;;;;;;
2025/09/30;0800 UTC;;;;;;;;;;;;;;;;;;
2025/09/30;0900 UTC;;;;;;;;;;;;;;;;;;
2025/09/30;1000 UTC;;;;;;;;;;;;;;;;;;
2025/09/30;1100 UTC;;;;;;;;;;;;;;;;;;
2025/09/30;1200 UTC;;;;;;;;;;;;;;;;;;
2025/09/30;1300 UTC;;;;;;;;;;;;;;;;;;
2025/09/30;1400 UTC;;;;;;;;;;;;;;;;;;
2025/09/30;1500 UTC;;;;;;;;;;;;;;;;;;
2025/09/30;1600 UTC;;;;;;;;;;;;;;;;;;
2025/09/30;1700 UTC;;;;;;;;;;;;;;;;;;
2025/09/30;1800 UTC;;;;;;;;;;;;;;;;;;
2025/09/30;1900 UTC;;;;;;;;;;;;;;;;;;
2025/09/30;2000 UTC;;;;;;;;;;;;;;;;;;
2025/09/30;2100 UTC;;;;;;;;;;;;;;;;;;
2025/09/30;2200 UTC;;;;;;;;;;;;;;;;;;
2025/09/30;2300 UTC;;;;;;;;;;;;;;;;;;
2025/10/01;0000 UTC;;;;;;;;;;;;;;;;;;
2025/10/01;0100 UTC;;;;;;;;;;;;;;;;;;
2025/10/01;0200 UTC;;;;;;;;;;;;;;;;;;
2025/10/01;0300 UTC;;;;;;;;;;;;;;;;;;
2025/10/01;0400 UTC;;;;;;;;;;;;;;;;;;
2025/10/01;0500 UTC;;;;;;;;;;;;;;;;;;
2025/10/01;0600 UTC;;;;;;;;;;;;;;;;;;
2025/10/01;0700 UTC;;;;;;;;;;;;;;;;;;
2025/10/01;0800 UTC;;;;;;;;;;;;;;;;;;
2025/10/01;0900 UTC;;;;;;;;;;;;;;;;;;
2025/10/01;1000 UTC;;;;;;;;;;;;;;;;;;
2025/10/01;1100 UTC;;;;;;;;;;;;;;;;;;
2025/10/01;1200 UTC;;;;;;;;;;;;;;;;;;
2025/10/01;1300 UTC;;;;;;;;;;;;;;;;;;
2025/10/01;1400 UTC;;;;;;;;;;;;;;;;;;
2025/10/01;1500 UTC;;;;;;;;;;;;;;;;;;
2025/10/01;1600 UTC;;;;;;;;;;;;;;;;;;
2025/10/01;1700 UTC;;;;;;;;;;;;;;;;;;
2025/10/01;1800 UTC;;;;;;;;;;;;;;;;;;
2025/10/01;1900 UTC;;;;;;;;;;;;;;;;;;
2025/10/01;2000 UTC;;;;;;;;;;;;;;;;;;
2025/10/01;2100 UTC;;;;;;;;;;;;;;;;;;
2025/10/01;2200 UTC;;;;;;;;;;;;;;;;;;
2025/10/01;2300 UTC;;;;;;;;;;;;;;;;;;
2025/10/02;0000 UTC;;;;;;;;;;;;;;;;;;
2025/10/02;0100 UTC;;;;;;;;;;;;;;;;;;
2025/10/02;0200 UTC;;;;;;;;;;;;;;;;;;
2025/10/02;0300 UTC;;;;;;;;;;;;;;;;;;
2025/10/02;0400 UTC;;;;;;;;;;;;;;;;;;
2025/10/02;0500 UTC;;;;;;;;;;;;;;;;;;
2025/10/02;0600 UTC;;;;;;;;;;;;;;;;;;
2025/10/02;0700 UTC;;;;;;;;;;;;;;;;;;
2025/10/02;0800 UTC;;;;;;;;;;;;;;;;;;
2025/10/02;0900 UTC;;;;;;;;;;;;;;;;;;
2025/10/02;1000 UTC;;;;;;;;;;;;;;;;;;
2025/10/02;1100 UTC;;;;;;;;;;;;;;;;;;
2025/10/02;1200 UTC;;;;;;;;;;;;;;;;;;
2025/10/02;1300 UTC;;;;;;;;;;;;;;;;;;
2025/10/02;1400 UTC;;;;;;;;;;;;;;;;;;
2025/10/02;1500 UTC;;;;;;;;;;;;;;;;;;
2025/10/02;1600 UTC;;;;;;;;;;;;;;;;;;
2025/10/02;1700 UTC;;;;;;;;;;;;;;;;;;
2025/10/02;1800 UTC;;;;;;;;;;;;;;;;;;
2025/10/02;1900 UTC;;;;;;;;;;;;;;;;;;
2025/10/02;2000 UTC;;;;;;;;;;;;;;;;;;
2025/10/02;2100 UTC;;;;;;;;;;;;;;;;;;
2025/10/02;2200 UTC;;;;;;;;;;;;;;;;;;
2025/10/02;2300 UTC;;;;;;;;;;;;;;;;;;
2025/10/03;0000 UTC;;;;;;;;;;;;;;;;;;
2025/10/03;0100 UTC;;;;;;;;;;;;;;;;;;
2025/10/03;0200 UTC;;;;;;;;;;;;;;;;;;
2025/10/03;0300 UTC;;;;;;;;;;;;;;;;;;
2025/10/03;0400 UTC;;;;;;;;;;;;;;;;;;
2025/10/03;0500 UTC;;;;;;;;;;;;;;;;;;
2025/10/03;0600 UTC;;;;;;;;;;;;;;;;;;
2025/10/03;0700 UTC;;;;;;;;;;;;;;;;;;
2025/10/03;0800 UTC;;;;;;;;;;;;;;;;;;
2025/10/03;0900 UTC;;;;;;;;;;;;;;;;;;
2025/10/03;1000 UTC;;;;;;;;;;;;;;;;;;
2025/10/03;1100 UTC;;;;;;;;;;;;;;;;;;
2025/10/03;1200 UTC;;;;;;;;;;;;;;;;;;
2025/10/03;1300 UTC;;;;;;;;;;;;;;;;;;
2025/10/03;1400 UTC;;;;;;;;;;;;;;;;;;
2025/10/03;1500 UTC;;;;;;;;;;;;;;;;;;
2025/10/03;1600 UTC;;;;;;;;;;;;;;;;;;
2025/10/03;1700 UTC;;;;;;;;;;;;;;;;;;
2025/10/03;1800 UTC;;;;;;;;;;;;;;;;;;
2025/10/03;1900 UTC;;;;;;;;;;;;;;;;;;
2025/10/03;2000 UTC;;;;;;;;;;;;;;;;;;
2025/10/03;2100 UTC;;;;;;;;;;;;;;;;;;
2025/10/03;2200 UTC;;;;;;;;;;;;;;;;;;
2025/10/03;2300 UTC;;;;;;;;;;;;;;;;;;
2025/10/04;0000 UTC;;;;;;;;;;;;;;;;;;
2025/10/04;0100 UTC;;;;;;;;;;;;;;;;;;
2025/10/04;0200 UTC;;;;;;;;;;;;;;;;;;
2025/10/04;0300 UTC;;;;;;;;;;;;;;;;;;
2025/10/04;0400 UTC;;;;;;;;;;;;;;;;;;
2025/10/04;0500 UTC;;;;;;;;;;;;;;;;;;
2025/10/04;0600 UTC;;;;;;;;;;;;;;;;;;
2025/10/04;0700 UTC;;;;;;;;;;;;;;;;;;
2025/10/04;0800 UTC;;;;;;;;;;;;;;;;;;
2025/10/04;0900 UTC;;;;;;;;;;;;;;;;;;
2025/10/04;1000 UTC;;;;;;;;;;;;;;;;;;
2025/10/04;1100 UTC;;;;;;;;;;;;;;;;;;
2025/10/04;1200 UTC;;;;;;;;;;;;;;;;;;
2025/10/04;1300 UTC;;;;;;;;;;;;;;;;;;
2025/10/04;1400 UTC;;;;;;;;;;;;;;;;;;
2025/10/04;1500 UTC;;;;;;;;;;;;;;;;;;
2025/10/04;1600 UTC;;;;;;;;;;;;;;;;;;
2025/10/04;1700 UTC;;;;;;;;;;;;;;;;;;
2025/10/04;1800 UTC;;;;;;;;;;;;;;;;;;
2025/10/04;1900 UTC;;;;;;;;;;;;;;;;;;
2025/10/04;2000 UTC;;;;;;;;;;;;;;;;;;
2025/10/04;2100 UTC;;;;;;;;;;;;;;;;;;
2025/10/04;2200 UTC;;;;;;;;;;;;;;;;;;
2025/10/04;2300 UTC;;;;;;;;;;;;;;;;;;
2025/10/05;0000 UTC;;;;;;;;;;;;;;;;;;
2025/10/05;0100 UTC;;;;;;;;;;;;;;;;;;
2025/10/05;0200 UTC;;;;;;;;;;;;;;;;;;
2025/10/05;0300 UTC;;;;;;;;;;;;;;;;;;
2025/10/05;0400 UTC;;;;;;;;;;;;;;;;;;
2025/10/05;0500 UTC;;;;;;;;;;;;;;;;;;
2025/10/05;0600 UTC;;;;;;;;;;;;;;;;;;
2025/10/05;0700 UTC;;;;;;;;;;;;;;;;;;
2025/10/05;0800 UTC;;;;;;;;;;;;;;;;;;
2025/10/05;0900 UTC;;;;;;;;;;;;;;;;;;
2025/10/05;1000 UTC;;;;;;;;;;;;;;;;;;
2025/10/05;1100 UTC;;;;;;;;;;;;;;;;;;
2025/10/05;1200 UTC;;;;;;;;;;;;;;;;;;
2025/10/05;1300 UTC;;;;;;;;;;;;;;;;;;
2025/10/05;1400 UTC;;;;;;;;;;;;;;;;;;
2025/10/05;1500 UTC;;;;;;;;;;;;;;;;;;
2025/10/05;1600 UTC;;;;;;;;;;;;;;;;;;
2025/10/05;1700 UTC;;;;;;;;;;;;;;;;;;
2025/10/05;1800 UTC;;;;;;;;;;;;;;;;;;
2025/10/05;1900 UTC;;;;;;;;;;;;;;;;;;
2025/10/05;2000 UTC;;;;;;;;;;;;;;;;;;
2025/10/05;2100 UTC;;;;;;;;;;;;;;;;;;
2025/10/05;2200 UTC;;;;;;;;;;;;;;;;;;
2025/10/05;2300 UTC;;;;;;;;;;;;;;;;;;
2025/10/06;0000 UTC;;;;;;;;;;;;;;;;;;
2025/10/06;0100 UTC;;;;;;;;;;;;;;;;;;
2025/10/06;0200 UTC;;;;;;;;;;;;;;;;;;
2025/10/06;0300 UTC;;;;;;;;;;;;;;;;;;
2025/10/06;0400 UTC;;;;;;;;;;;;;;;;;;
2025/10/06;0500 UTC;;;;;;;;;;;;;;;;;;
2025/10/06;0600 UTC;;;;;;;;;;;;;;;;;;
2025/10/06;0700 UTC;;;;;;;;;;;;;;;;;;
2025/10/06;0800 UTC;;;;;;;;;;;;;;;;;;
2025/10/06;0900 UTC;;;;;;;;;;;;;;;;;;
2025/10/06;1000 UTC;;;;;;;;;;;;;;;;;;
2025/10/06;1100 UTC;;;;;;;;;;;;;;;;;;
2025/10/06;1200 UTC;;;;;;;;;;;;;;;;;;
2025/10/06;1300 UTC;;;;;;;;;;;;;;;;;;
2025/10/06;1400 UTC;;;;;;;;;;;;;;;;;;
2025/10/06;1500 UTC;;;;;;;;;;;;;;;;;;
2025/10/06;1600 UTC;;;;;;;;;;;;;;;;;;
2025/10/06;1700 UTC;;;;;;;;;;;;;;;;;;
2025/10/06;1800 UTC;;;;;;;;;;;;;;;;;;
2025/10/06;1900 UTC;;;;;;;;;;;;;;;;;;
2025/10/06;2000 UTC;;;;;;;;;;;;;;;;;;
2025/10/06;2100 UTC;;;;;;;;;;;;;;;;;;
2025/10/06;2200 UTC;;;;;;;;;;;;;;;;;;
2025/10/06;2300 UTC;;;;;;;;;;;;;;;;;;
2025/10/07;0000 UTC;;;;;;;;;;;;;;;;;;
2025/10/07;0100 UTC;;;;;;;;;;;;;;;;;;
2025/10/07;0200 UTC;;;;;;;;;;;;;;;;;;
2025/10/07;0300 UTC;;;;;;;;;;;;;;;;;;
2025/10/07;0400 UTC;;;;;;;;;;;;;;;;;;
2025/10/07;0500 UTC;;;;;;;;;;;;;;;;;;
2025/10/07;0600 UTC;;;;;;;;;;;;;;;;;;
2025/10/07;0700 UTC;;;;;;;;;;;;;;;;;;
2025/10/07;0800 UTC;;;;;;;;;;;;;;;;;;
2025/10/07;0900 UTC;;;;;;;;;;;;;;;;;;
2025/10/07;1000 UTC;;;;;;;;;;;;;;;;;;
2025/10/07;1100 UTC;;;;;;;;;;;;;;;;;;
2025/10/07;1200 UTC;;;;;;;;;;;;;;;;;;
2025/10/07;1300 UTC;;;;;;;;;;;;;;;;;;
2025/10/07;1400 UTC;;;;;;;;;;;;;;;;;;
2025/10/07;1500 UTC;;;;;;;;;;;;;;;;;;
2025/10/07;1600 UTC;;;;;;;;;;;;;;;;;;
2025/10/07;1700 UTC;;;;;;;;;;;;;;;;;;
2025/10/07;1800 UTC;;;;;;;;;;;;;;;;;;
2025/10/07;1900 UTC;;;;;;;;;;;;;;;;;;
2025/10/07;2000 UTC;;;;;;;;;;;;;;;;;;
2025/10/07;2100 UTC;;;;;;;;;;;;;;;;;;
2025/10/07;2200 UTC;;;;;;;;;;;;;;;;;;
2025/10/07;2300 UTC;;;;;;;;;;;;;;;;;;
2025/10/08;0000 UTC;;;;;;;;;;;;;;;;;;
2025/10/08;0100 UTC;;;;;;;;;;;;;;;;;;
2025/10/08;0200 UTC;;;;;;;;;;;;;;;;;;
2025/10/08;0300 UTC;;;;;;;;;;;;;;;;;;
2025/10/08;0400 UTC;;;;;;;;;;;;;;;;;;
2025/10/08;0500 UTC;;;;;;;;;;;;;;;;;;
2025/10/08;0600 UTC;;;;;;;;;;;;;;;;;;
2025/10/08;0700 UTC;;;;;;;;;;;;;;;;;;
2025/10/08;0800 UTC;;;;;;;;;;;;;;;;;;
2025/10/08;0900 UTC;;;;;;;;;;;;;;;;;;
2025/10/08;1000 UTC;;;;;;;;;;;;;;;;;;
2025/10/08;1100 UTC;;;;;;;;;;;;;;;;;;
2025/10/08;1200 UTC;;;;;;;;;;;;;;;;;;
2025/10/08;1300 UTC;;;;;;;;;;;;;;;;;;
2025/10/08;1400 UTC;;;;;;;;;;;;;;;;;;
2025/10/08;1500 UTC;;;;;;;;;;;;;;;;;;
2025/10/08;1600 UTC;;;;;;;;;;;;;;;;;;
2025/10/08;1700 UTC;;;;;;;;;;;;;;;;;;
2025/10/08;1800 UTC;;;;;;;;;;;;;;;;;;
2025/10/08;1900 UTC;;;;;;;;;;;;;;;;;;
2025/10/08;2000 UTC;;;;;;;;;;;;;;;;;;
2025/10/08;2100 UTC;;;;;;;;;;;;;;;;;;
2025/10/08;2200 UTC;;;;;;;;;;;;;;;;;;
2025/10/08;2300 UTC;;;;;;;;;;;;;;;;;;
2025/10/09;0000 UTC;;;;;;;;;;;;;;;;;;
2025/10/09;0100 UTC;;;;;;;;;;;;;;;;;;
2025/10/09;0200 UTC;;;;;;;;;;;;;;;;;;
2025/10/09;0300 UTC;;;;;;;;;;;;;;;;;;
2025/10/09;0400 UTC;;;;;;;;;;;;;;;;;;
2025/10/09;0500 UTC;;;;;;;;;;;;;;;;;;
2025/10/09;0600 UTC;;;;;;;;;;;;;;;;;;
2025/10/09;0700 UTC;;;;;;;;;;;;;;;;;;
2025/10/09;0800 UTC;;;;;;;;;;;;;;;;;;
2025/10/09;0900 UTC;;;;;;;;;;;;;;;;;;
2025/10/09;1000 UTC;;;;;;;;;;;;;;;;;;
2025/10/09;1100 UTC;;;;;;;;;;;;;;;;;;
2025/10/09;1200 UTC;;;;;;;;;;;;;;;;;;
2025/10/09;1300 UTC;;;;;;;;;;;;;;;;;;
2025/10/09;1400 UTC;;;;;;;;;;;;;;;;;;
2025/10/09;1500 UTC;;;;;;;;;;;;;;;;;;
2025/10/09;1600 UTC;;;;;;;;;;;;;;;;;;
2025/10/09;1700 UTC;;;;;;;;;;;;;;;;;;
2025/10/09;1800 UTC;;;;;;;;;;;;;;;;;;
2025/10/09;1900 UTC;;;;;;;;;;;;;;;;;;
2025/10/09;2000 UTC;;;;;;;;;;;;;;;;;;
2025/10/09;2100 UTC;;;;;;;;;;;;;;;;;;
2025/10/09;2200 UTC;;;;;;;;;;;;;;;;;;
2025/10/09;2300 UTC;;;;;;;;;;;;;;;;;;
2025/10/10;0000 UTC;;;;;;;;;;;;;;;;;;
2025/10/10;0100 UTC;;;;;;;;;;;;;;;;;;
2025/10/10;0200 UTC;;;;;;;;;;;;;;;;;;
2025/10/10;0300 UTC;;;;;;;;;;;;;;;;;;
2025/10/10;0400 UTC;;;;;;;;;;;;;;;;;;
2025/10/10;0500 UTC;;;;;;;;;;;;;;;;;;
2025/10/10;0600 UTC;;;;;;;;;;;;;;;;;;
2025/10/10;0700 UTC;;;;;;;;;;;;;;;;;;
2025/10/10;0800 UTC;;;;;;;;;;;;;;;;;;
2025/10/10;0900 UTC;;;;;;;;;;;;;;;;;;
2025/10/10;1000 UTC;;;;;;;;;;;;;;;;;;
2025/10/10;1100 UTC;;;;;;;;;;;;;;;;;;
2025/10/10;1200 UTC;;;;;;;;;;;;;;;;;;
2025/10/10;1300 UTC;;;;;;;;;;;;;;;;;;
2025/10/10;1400 UTC;;;;;;;;;;;;;;;;;;
2025/10/10;1500 UTC;;;;;;;;;;;;;;;;;;
2025/10/10;1600 UTC;;;;;;;;;;;;;;;;;;
2025/10/10;1700 UTC;;;;;;;;;;;;;;;;;;
2025/10/10;1800 UTC;;;;;;;;;;;;;;;;;;
2025/10/10;1900 UTC;;;;;;;;;;;;;;;;;;
2025/10/10;2000 UTC;;;;;;;;;;;;;;;;;;
2025/10/10;2100 UTC;;;;;;;;;;;;;;;;;;
2025/10/10;2200 UTC;;;;;;;;;;;;;;;;;;
2025/10/10;2300 UTC;;;;;;;;;;;;;;;;;;
2025/10/11;0000 UTC;;;;;;;;;;;;;;;;;;
2025/10/11;0100 UTC;;;;;;;;;;;;;;;;;;
2025/10/11;0200 UTC;;;;;;;;;;;;;;;;;;
2025/10/11;0300 UTC;;;;;;;;;;;;;;;;;;
2025/10/11;0400 UTC;;;;;;;;;;;;;;;;;;
2025/10/11;0500 UTC;;;;;;;;;;;;;;;;;;
2025/10/11;0600 UTC;;;;;;;;;;;;;;;;;;
2025/10/11;0700 UTC;;;;;;;;;;;;;;;;;;
2025/10/11;0800 UTC;;;;;;;;;;;;;;;;;;
2025/10/11;0900 UTC;;;;;;;;;;;;;;;;;;
2025/10/11;1000 UTC;;;;;;;;;;;;;;;;;;
2025/10/11;1100 UTC;;;;;;;;;;;;;;;;;;
2025/10/11;1200 UTC;;;;;;;;;;;;;;;;;;
2025/10/11;1300 UTC;;;;;;;;;;;;;;;;;;
2025/10/11;1400 UTC;;;;;;;;;;;;;;;;;;
2025/10/11;1500 UTC;;;;;;;;;;;;;;;;;;
2025/10/11;1600 UTC;;;;;;;;;;;;;;;;;;
2025/10/11;1700 UTC;;;;;;;;;;;;;;;;;;
2025/10/11;1800 UTC;;;;;;;;;;;;;;;;;;
2025/10/11;1900 UTC;;;;;;;;;;;;;;;;;;
2025/10/11;2000 UTC;;;;;;;;;;;;;;;;;;
2025/10/11;2100 UTC;;;;;;;;;;;;;;;;;;
2025/10/11;2200 UTC;;;;;;;;;;;;;;;;;;
2025/10/11;2300 UTC;;;;;;;;;;;;;;;;;;
2025/10/12;0000 UTC;;;;;;;;;;;;;;;;;;
2025/10/12;0100 UTC;;;;;;;;;;;;;;;;;;
2025/10/12;0200 UTC;;;;;;;;;;;;;;;;;;
2025/10/12;0300 UTC;;;;;;;;;;;;;;;;;;
2025/10/12;0400 UTC;;;;;;;;;;;;;;;;;;
2025/10/12;0500 UTC;;;;;;;;;;;;;;;;;;
2025/10/12;0600 UTC;;;;;;;;;;;;;;;;;;
2025/10/12;0700 UTC;;;;;;;;;;;;;;;;;;
2025/10/12;0800 UTC;;;;;;;;;;;;;;;;;;
2025/10/12;0900 UTC;;;;;;;;;;;;;;;;;;
2025/10/12;1000 UTC;;;;;;;;;;;;;;;;;;
2025/10/12;1100 UTC;;;;;;;;;;;;;;;;;;
2025/10/12;1200 UTC;;;;;;;;;;;;;;;;;;
2025/10/12;1300 UTC;;;;;;;;;;;;;;;;;;
2025/10/12;1400 UTC;;;;;;;;;;;;;;;;;;
2025/10/12;1500 UTC;;;;;;;;;;;;;;;;;;
2025/10/12;1600 UTC;;;;;;;;;;;;;;;;;;
2025/10/12;1700 UTC;;;;;;;;;;;;;;;;;;
2025/10/12;1800 UTC;;;;;;;;;;;;;;;;;;
2025/10/12;1900 UTC;;;;;;;;;;;;;;;;;;
2025/10/12;2000 UTC;;;;;;;;;;;;;;;;;;
2025/10/12;2100 UTC;;;;;;;;;;;;;;;;;;
2025/10/12;2200 UTC;;;;;;;;;;;;;;;;;;
2025/10/12;2300 UTC;;;;;;;;;;;;;;;;;;
2025/10/13;0000 UTC;;;;;;;;;;;;;;;;;;
2025/10/13;0100 UTC;;;;;;;;;;;;;;;;;;
2025/10/13;0200 UTC;;;;;;;;;;;;;;;;;;
2025/10/13;0300 UTC;;;;;;;;;;;;;;;;;;
2025/10/13;0400 UTC;;;;;;;;;;;;;;;;;;
2025/10/13;0500 UTC;;;;;;;;;;;;;;;;;;
2025/10/13;0600 UTC;;;;;;;;;;;;;;;;;;
2025/10/13;0700 UTC;;;;;;;;;;;;;;;;;;
2025/10/13;0800 UTC;;;;;;;;;;;;;;;;;;
2025/10/13;0900 UTC;;;;;;;;;;;;;;;;;;
2025/10/13;1000 UTC;;;;;;;;;;;;;;;;;;
2025/10/13;1100 UTC;;;;;;;;;;;;;;;;;;
2025/10/13;1200 UTC;;;;;;;;;;;;;;;;;;
2025/10/13;1300 UTC;;;;;;;;;;;;;;;;;;
2025/10/13;1400 UTC;;;;;;;;;;;;;;;;;;
2025/10/13;1500 UTC;;;;;;;;;;;;;;;;;;
2025/10/13;1600 UTC;;;;;;;;;;;;;;;;;;
2025/10/13;1700 UTC;;;;;;;;;;;;;;;;;;
2025/10/13;1800 UTC;0;922,9;923,1;922,6;3258;21,4;10,3;22;21;10,8;9,7;47;42;44;281;12;7,3;
2025/10/13;1900 UTC;0;923,2;923,4;922,9;1571,2;21;10,5;21,8;20,4;11,3;9,9;50;45;47;274;10,5;6;
2025/10/13;2000 UTC;0;923,8;924,2;923,3;1456,6;20,9;10,4;21,6;20,2;11,1;10;50;46;48;266;12,2;6;
2025/10/13;2100 UTC;0;924,5;924,9;923,9;629,5;20;10;20,7;19,4;10,5;9,7;52;47;50;275;9;5,8;
2025/10/13;2200 UTC;0;925,4;925,8;924,9;39,6;18,6;9,9;19,3;17,9;10,4;9,6;62;53;57;236;7,1;4,5;
2025/10/13;2300 UTC;0;926,2;926,8;925,8;0;16,8;10,9;17,9;16;11,2;10,4;75;63;71;227;6,7;4,2;
2025/10/14;0000 UTC;0;927,2;927,5;926,8;0;15,8;10,8;16;15,4;11,1;10,3;76;75;75;231;5,4;3,7;
2025/10/14;0100 UTC;0;927,8;927,9;927,5;0;15,1;9,8;15,5;14,9;10,4;9,2;75;71;73;251;5,3;3,4;
2025/10/14;0200 UTC;;;;;;;;;;;;;;;;;;
2025/10/14;0300 UTC;;;;;;;;;;;;;;;;;;
2025/10/14;0400 UTC;;;;;;;;;;;;;;;;;;
2025/10/14;0500 UTC;;;;;;;;;;;;;;;;;;
2025/10/14;0600 UTC;;;;;;;;;;;;;;;;;;
2025/10/14;0700 UTC;;;;;;;;;;;;;;;;;;
2025/10/14;0800 UTC;;;;;;;;;;;;;;;;;;
2025/10/14;0900 UTC;;;;;;;;;;;;;;;;;;
2025/10/14;1000 UTC;0;932;932,3;931,7;554,8;12,6;10,2;13,1;12;10,5;10,1;91;85;88;264;3;2;
2025/10/14;1100 UTC;0;932,7;933,1;932,3;1068,8;13,8;9,8;14,6;13,1;10,5;8,8;86;72;80;238;4,6;2,8;
2025/10/14;1200 UTC;0;933,4;933,7;933;2109;15,5;8,8;16,6;14,6;9,8;7,8;74;59;66;193;3,5;1,6;
2025/10/14;1300 UTC;0;934;934,2;933,7;2949,2;17,3;8,1;18,2;16,5;8,8;7,3;60;46;54;222;5,7;2,8;
2025/10/14;1400 UTC;0;934,2;934,3;934;0;18,6;8;19,4;17,8;9;7,1;52;42;47;170;6;2,8;
2025/10/14;1500 UTC;0;934;934;933,9;3795,1;19,3;8,4;20;18,6;9,3;7,5;50;41;45;221;5,9;3,1;
2025/10/14;1600 UTC;0;933,7;933,9;933,4;3833,2;20,1;8,7;20,5;19,2;9,7;8;50;39;43;138;7;4,2;
2025/10/14;1700 UTC;0;933,3;933,5;933,1;3611;20,9;8,7;21,5;20,2;10,2;8;46;35;39;145;6,4;3,8;
2025/10/14;1800 UTC;0;;;;3120,8;21,3;8,4;21,7;21;9,3;7,3;41;32;35;183;5,8;2,5;
2025/10/14;1900 UTC;0;933,1;933,2;933,1;2401,2;21,3;9,3;21,9;21;10;8,5;43;37;40;167;5,8;3;
2025/10/14;2000 UTC;;;;;;;;;;;;;;;;;;
2025/10/14;2100 UTC;0;933,3;933,4;933,2;656,2;20;9,1;20,6;19,1;9,5;8,8;49;42;46;186;6,4;4,1;
2025/10/14;2200 UTC;0;933,5;933,6;933,4;53,2;17,8;8,6;19,1;16,8;8,8;8,3;58;49;54;163;3,9;2,6;
2025/10/14;2300 UTC;0;933,8;933,9;933,6;0;16;9,3;16,8;15;10,1;8,3;75;58;66;145;5,4;3,8;
2025/10/15;0000 UTC;0;934,1;934,4;933,9;0;14,8;10;15,3;14,5;10,1;9,9;77;74;76;121;3,1;2,4;
2025/10/15;0100 UTC;0;934,5;934,5;934,5;0;13,8;9,1;13,8;13,8;9,2;9,1;77;77;77;90;4,5;2,7;
2025/10/15;0200 UTC;0;934,5;934,5;934,4;0;13,4;10,2;13,6;13,3;10,4;10,1;85;84;84;82;5,4;3,3;
2025/10/15;0300 UTC;0;934,1;934,4;933,7;0;13,1;10,7;13,2;13;10,9;10,1;89;84;88;87;6,6;3,8;
2025/10/15;0400 UTC;0;933,8;933,8;933,8;0;12,6;10,4;12,6;12,5;10,4;10,3;89;89;89;76;7;3,7;
2025/10/15;0500 UTC;0;933,4;933,4;933,3;0;12,1;10,2;12,1;12,1;10,2;10,1;90;90;90;70;4,6;2,7;
2025/10/15;0600 UTC;0;933;933,3;932,9;0;12,5;10;12,8;12,1;10,2;9,8;90;86;88;72;4,8;2,6;
2025/10/15;0700 UTC;0;932,9;933;932,8;0;12,3;9,7;12,5;12,1;9,8;9,6;88;86;87;63;5,4;2,9;
2025/10/15;0800 UTC;0;932,9;933,1;932,8;0;12,5;9,9;12,9;12,3;10,1;9,7;88;86;87;65;5,3;2,9;
2025/10/15;0900 UTC;0;933,7;934,2;933,2;6,1;13,1;10,2;13,5;12,8;10,2;10,1;87;84;85;62;5,2;2,9;
2025/10/15;1000 UTC;0;934,4;934,6;934,2;414,3;13,9;10,3;14,2;13,4;10,5;10,2;84;80;82;40;7;4,6;
2025/10/15;1100 UTC;0;934,7;935;934,4;1125,5;14,8;10,4;15,5;14,2;10,8;10,1;81;75;78;71;8;4,5;
2025/10/15;1200 UTC;;;;;;;;;;;;;;;;;;
2025/10/15;1300 UTC;0;935,4;935,4;935,2;2921,3;18,8;11,8;19,8;17,2;12,3;11,1;70;60;65;67;6,6;4;
2025/10/15;1400 UTC;0;934,9;935,3;934,6;3471,7;21,2;12,5;22,5;19,8;13,3;11,8;62;51;56;60;5,9;2,9;
2025/10/15;1500 UTC;0;934,4;934,6;934,2;3748,8;23,9;12,9;25,1;22,7;13,6;12,2;52;39;45;177;5,4;2,9;
2025/10/15;1600 UTC;0;933,8;934,2;933,4;3791,4;25;12,6;25,9;24,3;13,8;11,3;44;34;38;161;5,5;2,8;
2025/10/15;1700 UTC;0;932,8;933,4;932,3;3574,7;26,2;12,2;26,9;25,5;13,6;11,3;39;24;30;72;5,1;2,6;
2025/10/15;1800 UTC;0;931,9;932,3;931,5;3078,4;27,1;12,4;27,9;26,4;13,4;11,8;31;24;26;292;5,5;2,4;
2025/10/15;1900 UTC;0;931,3;931,5;931,1;2380,3;27,2;12,2;27,6;26,9;12,7;11,8;28;24;25;234;4,2;1,8;
2025/10/15;2000 UTC;0;931,1;931,2;931;1508,5;27;12,6;27,6;26,8;13;12,1;30;25;28;77;3,9;1,6;
2025/10/15;2100 UTC;0;931,1;931,1;931;619,2;26,2;12,8;26,9;24,1;13,9;12,2;49;28;33;158;3,9;3;
2025/10/15;2200 UTC;0;931,1;931,2;931;49;22,7;14,2;24;21,7;14,6;13,9;63;49;58;199;3,1;1,8;
2025/10/15;2300 UTC;0;931,2;931,4;931,1;0;21,3;13,9;21,9;20,4;14,2;13,5;66;62;63;164;3;2,3;
2025/10/16;0000 UTC;0;931,6;931,7;931,4;0;20,1;13,8;20,5;19,1;14,1;13,3;71;66;69;81;4,6;3;
2025/10/16;0100 UTC;0;931,6;931,7;931,4;0;18,4;13;19;18;13,2;12,7;75;71;73;76;3,8;2,5;
2025/10/16;0200 UTC;0;931,3;931,5;931,1;0;18,2;12,6;18,4;18;12,8;12,2;74;69;72;41;3,9;1,9;
2025/10/16;0300 UTC;0;931,1;931,3;931;0;19,7;11,5;19,9;18,5;12,2;11,3;69;57;59;72;9,4;5,2;
2025/10/16;0400 UTC;0;930,9;931,1;930,6;0;19,7;11,5;19,9;19,5;11,7;11,3;60;57;59;93;8,6;4,7;
2025/10/16;0500 UTC;0;930,4;930,7;929,9;0;19,4;11,8;19,7;19;11,9;11,6;64;60;62;94;7;4,1;
2025/10/16;0600 UTC;0;929,5;929,9;929,2;0;18,8;11,8;19;18,5;11,9;11,8;67;64;65;58;6,9;3,4;
2025/10/16;0700 UTC;0;929,6;929,7;929,4;0;18,3;11,9;18,5;18,1;12,1;11,8;69;67;68;40;5,3;2,8;
2025/10/16;0800 UTC;0;929,5;929,8;929,3;0;18,1;12;18,3;18;12,1;11,9;70;68;70;102;7,8;4,3;
2025/10/16;0900 UTC;0;929,8;930;929,5;12,1;17,9;11,8;18,3;17,7;12;11,6;71;68;69;180;7,8;4,6;
2025/10/16;1000 UTC;0;930;930,3;929,7;180,6;18;11,7;18,1;17,9;11,8;11,6;69;68;69;102;7,7;3,1;
2025/10/16;1100 UTC;0;930,8;931,5;930,2;306,2;18,1;11,9;18,2;18;12;11,7;70;68;69;197;7,8;3,9;
2025/10/16;1200 UTC;0;931,8;932,4;931,4;194,5;17,9;11,8;18,1;17,7;12;11,7;71;69;69;331;10,2;6,9;
2025/10/16;1300 UTC;0;932,5;932,9;932,2;152,1;16,9;11,8;17,6;16,7;12,1;11,7;76;71;75;333;11,7;7,5;
2025/10/16;1400 UTC;0;933,2;933,5;932,8;178,6;16,6;12,6;16,7;16,4;13,4;11,9;84;76;80;326;8,5;5,3;
2025/10/16;1500 UTC;0;932,5;933,3;931,6;527,4;17,1;13,9;17,6;16,6;14,5;13,3;85;83;84;274;7,5;4,5;
2025/10/16;1600 UTC;0;931,5;932,1;931,3;638,9;18,3;14,6;19,2;17,6;14,8;14,3;84;76;81;130;5;3;
2025/10/16;1700 UTC;0;931,8;932,1;931,5;788,1;20,2;14,5;20,9;19,2;14,8;14,1;77;67;71;329;6,1;4;
2025/10/16;1800 UTC;0;931,3;931,7;930,6;913,7;19,8;14,7;20,7;18,9;15,2;14,1;81;67;75;324;8;5,2;
2025/10/16;1900 UTC;0;930,5;930,8;930,3;586,1;19,5;14,7;19,7;19,4;14,9;14,5;77;75;76;338;9,1;6,3;
2025/10/16;2000 UTC;0;930,3;930,7;929,6;371,2;19,4;14,7;19,8;19,2;14,9;14,4;78;73;77;331;8,7;5,7;
2025/10/16;2100 UTC;0;930,4;930,6;929,7;155,9;18,9;14,9;19,3;18,6;15,1;14,6;82;76;80;317;5,2;2,9;
2025/10/16;2200 UTC;0;930,4;930,5;930,3;20;18,6;14,8;18,8;18,5;15;14,6;81;80;81;333;4,3;2,8;
2025/10/16;2300 UTC;0;930,5;930,8;930,3;0;18,3;14,5;18,5;18;14,7;14,4;82;80;81;175;6,9;3,9;
2025/10/17;0000 UTC;0;930,6;930,8;930,3;0;18;14,3;18,1;17,9;14,5;14,1;82;80;81;79;3,5;2,2;
2025/10/17;0100 UTC;0;930;930,3;929,8;0;17,5;14;17,9;17;14,2;13,8;84;80;82;51;2,3;1,7;
2025/10/17;0200 UTC;0;929,9;930;929,7;0;17,3;13,8;17,7;17;14;13,5;85;79;82;54;2,7;1,6;
2025/10/17;0300 UTC;0;929,9;930,1;929,8;0;17,3;13,6;17,7;16,9;13,7;13,5;84;79;82;300;4,2;2,8;
2025/10/17;0400 UTC;0;929,6;930;929,2;0;17,2;13,7;17,6;16,8;13,8;13,6;84;80;83;147;4,9;2,6;
2025/10/17;0500 UTC;0;928,7;929,2;928,5;0;17,2;13,4;17,6;17,1;13,7;13,1;83;77;81;330;2,6;1,6;
2025/10/17;0600 UTC;0;928,8;929;928,6;0;17,7;13;17,9;17,4;13,2;12,9;79;75;77;297;5,2;3,1;
2025/10/17;0700 UTC;0;928,7;928,9;928,5;0;17,3;13,1;17,8;17;13,3;12,9;81;76;79;339;2,8;1,9;
2025/10/17;0800 UTC;0;928,4;928,6;928,2;0;17,9;12,6;18,3;17,3;12,7;12,5;77;71;73;65;1;,7;
2025/10/17;0900 UTC;0;928,3;928,5;928,1;1,8;16,7;12,9;17,4;16,2;13,1;12,8;84;77;81;68;2,3;1,7;
2025/10/17;1000 UTC;0;928,9;929,1;928,5;136,7;17,4;13,1;17,6;16,9;13,8;12,9;81;78;79;22;1,6;1,3;
2025/10/17;1100 UTC;0;929,2;929,5;928,9;297,1;18;13,5;18,5;17,4;14;13,2;82;75;78;293;3,2;1,5;
2025/10/17;1200 UTC;0;929,7;930,3;929,3;391,4;18,3;13,9;18,6;17,8;14,7;13,5;82;74;78;329;2,9;1,6;
2025/10/17;1300 UTC;;;;;;;;;;;;;;;;;;
2025/10/17;1400 UTC;;;;;;;;;;;;;;;;;;
2025/10/17;1500 UTC;;;;;;;;;;;;;;;;;;
2025/10/17;1600 UTC;;;;;;;;;;;;;;;;;;
2025/10/17;1700 UTC;;;;;;;;;;;;;;;;;;
2025/10/17;1800 UTC;;;;;;;;;;;;;;;;;;
2025/10/17;1900 UTC;;;;;;;;;;;;;;;;;;
2025/10/17;2000 UTC;;;;;;;;;;;;;;;;;;
2025/10/17;2100 UTC;;;;;;;;;;;;;;;;;;
2025/10/17;2200 UTC;;;;;;;;;;;;;;;;;;
2025/10/17;2300 UTC;;;;;;;;;;;;;;;;;;
2025/10/18;0000 UTC;;;;;;;;;;;;;;;;;;
2025/10/18;0100 UTC;0;929,2;929,3;929;0;16,7;16,6;16,7;16,6;16,7;16,5;100;100;100;178;,5;,2;
2025/10/18;0200 UTC;0;928,8;929;928,7;0;16,6;16,5;16,7;16,6;16,7;16,4;100;99;100;173;2,8;2,1;
2025/10/18;0300 UTC;,4;928,7;928,9;928,6;,1;16,6;16,7;16,7;16,4;16,8;16,5;100;100;100;207;4,7;3,4;
2025/10/18;0400 UTC;,2;928,4;928,6;928;,2;16,1;16,2;16,4;15,9;16,5;16;100;100;100;208;7,1;3,7;
2025/10/18;0500 UTC;0;927,6;928;927,4;0;15,8;15,8;15,9;15,7;15,9;15,7;100;100;100;210;5,5;3,9;
2025/10/18;0600 UTC;,4;;;;,1;15,4;15,5;15,6;15,2;15,7;15,2;100;100;100;209;6;;
2025/10/18;0700 UTC;,4;927,3;927,5;927,2;,1;15;15,1;15,2;14,8;15,3;14,9;100;100;100;204;8,5;4,6;
2025/10/18;0800 UTC;1,2;927,7;927,9;927,5;,2;14,7;14,7;14,8;14,4;14,9;14,5;100;100;100;191;11;6,7;
2025/10/18;0900 UTC;,4;928,1;928,5;927,8;3,5;14,3;14,1;14,4;14,2;14,4;13,9;100;98;99;176;10,1;6,6;
2025/10/18;1000 UTC;0;928,8;929;928,5;128,5;14,1;13,9;14,3;14;14,2;13,6;100;98;99;165;7,9;5;
2025/10/18;1100 UTC;,8;929,5;930;929;137,9;14,2;14,1;14,3;14;14,3;13,7;100;98;99;166;8,2;5,5;
2025/10/18;1200 UTC;,4;930,2;930,6;929,8;297,3;14,3;14,2;14,5;14,1;14,4;13,8;100;99;99;177;7,3;4,4;
2025/10/18;1300 UTC;,8;931,2;931,5;930,6;333,3;14,6;14,2;14,7;14,4;14,4;14;100;97;98;176;9,4;4,6;
2025/10/18;1400 UTC;0;931,8;932;931,4;901;15;14,4;15,2;14,5;14,7;14;99;95;97;160;9;5,9;
2025/10/18;1500 UTC;4;932,1;932,3;931,8;556,5;14,5;14;14,9;14,3;14,4;13,6;99;96;98;183;13,2;7,7;
2025/10/18;1600 UTC;3,4;932,6;933;932,1;0;13,9;13,4;14,4;13,3;13,9;12,7;99;95;98;167;13,5;6,6;
2025/10/18;1700 UTC;,4;933,1;933,3;932,8;673,3;13,3;12,5;13,4;13,1;12,9;11,8;98;92;96;180;13,1;7,6;
2025/10/18;1800 UTC;0;933,6;933,7;933,3;598,7;13,4;12;14;13,2;12,5;10,9;96;86;93;174;11;7,4;
2025/10/18;1900 UTC;0;933,7;933,9;933,5;746;13,7;11,2;14,1;13,4;12,1;10,5;90;83;87;166;9,6;5,8;
2025/10/18;2000 UTC;0;934;934,5;933,6;889,6;13,9;10,7;14,7;13,4;11,6;9,8;88;77;84;169;9,5;5,3;
2025/10/18;2100 UTC;0;935,1;935,4;934,6;240,7;12,8;10,4;14;12,1;11;9,9;92;82;88;176;9,3;5,5;
2025/10/18;2200 UTC;0;935,8;936,1;935,3;28,5;11,6;9,8;12,1;11,4;10,4;8,8;94;87;91;176;11,2;5,5;
2025/10/18;2300 UTC;0;936,4;936,8;936,2;0;11;9;11,4;10,6;9,5;8,4;93;87;90;173;6,4;4,1;
2025/10/19;0000 UTC;,2;936,9;937;936,6;,1;10,1;9;10,6;9,6;9,5;8,6;97;91;95;153;6,7;4,9;
2025/10/19;0100 UTC;0;937,3;937,5;937;0;9,7;8,6;9,8;9,5;8,8;8,4;96;93;95;167;4,8;3,2;
2025/10/19;0200 UTC;0;937,5;937,6;937,3;0;9,7;8,1;9,9;9,2;8,8;7,6;95;89;92;152;6;4,2;
2025/10/19;0300 UTC;0;937,1;937,3;937;0;8,9;7,1;9,2;8,6;7,7;6,6;94;88;91;143;7;4,5;
2025/10/19;0400 UTC;0;937,3;937,4;937,2;;8,6;6,9;8,8;8,5;7,2;6,7;93;90;91;;;;
2025/10/19;0500 UTC;0;937,1;937,2;937;;8,8;6,9;9;8,6;7,2;6,7;93;89;91;;;;
2025/10/19;0600 UTC;0;;;;0;,6;7,1;8,7;8,7;7,4;6,8;91;91;;179;5,2;3,1;
2025/10/19;0700 UTC;0;936,7;936,8;936,6;0;8,5;7,4;8,6;8,3;7,9;7,2;97;93;95;173;5;3,6;
2025/10/19;0800 UTC;0;936,9;937,2;936,7;0;8,5;8;8,5;8,5;8,2;7,8;98;97;98;158;4,3;2,8;
2025/10/19;0900 UTC;0;937,4;937,5;937,2;13;8,2;8,1;8,5;7,8;8,3;7,8;100;98;99;162;3,8;2,6;
2025/10/19;1000 UTC;0;937,9;938,3;937,5;376,4;8,5;7,6;9,1;7,8;7,9;7,2;100;91;95;141;5,1;3,4;
2025/10/19;1100 UTC;0;938,5;938,9;938,2;696,9;9,4;7,7;10,2;8,6;8,3;7;95;87;92;146;6,2;4,1;
2025/10/19;1200 UTC;0;939,3;939,6;938,9;1281,4;10,6;7,9;11,7;9,8;8,9;7,1;90;81;86;158;5,5;3,5;
2025/10/19;1300 UTC;0;939,8;939,9;939,5;1287,2;11,6;7,8;12,1;10,9;8,5;7,1;86;78;81;166;7,2;4;
2025/10/19;1400 UTC;,6;940;940,1;939,9;1336,9;10,9;8,8;11,4;10,4;10,4;7,8;96;82;90;192;4,9;3,2;
2025/10/19;1500 UTC;0;940;940,1;939,9;2192,1;12,1;9,3;13,3;11;10,7;8,2;95;75;86;165;6,9;4,6;
2025/10/19;1600 UTC;0;940;940,1;939,8;2039,1;12,8;9;13,9;11,7;10,1;8;89;72;81;161;6;3,8;
2025/10/19;1700 UTC;0;939,6;939,8;939,3;2496,8;14,1;8,2;15,4;13,3;9,4;6,8;77;65;71;146;7,9;5,1;
2025/10/19;1800 UTC;0;938,9;939,3;938,6;2043,6;14,4;7,7;15,8;13,3;8,6;6,7;75;55;66;144;8,2;6;
2025/10/19;1900 UTC;0;938,4;938,7;938,1;1575,5;14,3;7,6;15,6;13,4;8,3;6,9;74;59;66;149;7,3;5,4;
2025/10/19;2000 UTC;0;938,3;938,4;938,2;757;13,7;7,6;14,4;13,3;8;7,2;73;64;69;159;6,2;3,6;
2025/10/19;2100 UTC;0;938,4;938,5;938,2;691,3;13,6;6,6;14,7;12,7;7,6;5,9;69;60;65;149;6,5;4,2;
2025/10/19;2200 UTC;0;938,5;938,7;938,5;66,7;11,6;6,1;12,6;10,7;6,5;5,8;77;68;72;151;5,6;4;
2025/10/19;2300 UTC;0;938,7;938,9;938,6;0;10,4;6,1;10,7;10,1;6,3;5,9;81;77;78;146;5,4;4;
2025/10/20;0000 UTC;0;939,1;939,3;938,9;0;10,1;6,5;10,2;9,8;6,7;6,3;85;81;82;124;4,6;3,2;
2025/10/20;0100 UTC;0;939,4;939,4;939,3;0;9,5;6,7;9,9;9;7;6,3;88;84;86;82;7,8;4;
2025/10/20;0200 UTC;0;939,3;939,4;939,1;0;8,8;6,2;9,2;8,5;6,4;5,9;88;86;87;83;5,3;3,3;
2025/10/20;0300 UTC;0;939,1;939,2;939,1;0;8,4;5,7;8,6;8,3;6;5,6;88;86;87;82;5;3,1;
2025/10/20;0400 UTC;0;938,8;939,1;938,5;0;8,1;5,7;8,4;8;5,8;5,6;89;86;88;80;5,9;3,6;
2025/10/20;0500 UTC;0;938,4;938,5;938,2;0;8;5,9;8,2;7,8;6;5,8;91;88;89;79;5,5;2,8;
2025/10/20;0600 UTC;0;938,1;938,2;938;0;7,8;5,9;8;7,6;6;5,7;91;90;90;82;4,2;2,3;
2025/10/20;0700 UTC;0;938;938,1;938;0;7,3;5,6;7,5;7,2;5,7;5,5;93;91;92;79;4,4;2,3;
2025/10/20;0800 UTC;0;938,5;938,5;938,4;0;7,9;5,4;7,9;7,9;5,5;5,3;88;87;88;64;4,4;2,7;
2025/10/20;0900 UTC;0;938,8;939,2;938,5;16,2;8;5,1;8,4;7,7;5,3;5;87;84;86;67;5,6;3,5;
2025/10/20;1000 UTC;0;940,4;940,4;940,4;908,9;10;5,6;10;10;5,7;5,4;78;77;78;73;5,3;3,2;
2025/10/20;1100 UTC;0;940,7;941,1;940,4;1381,4;11,1;5,6;12,2;10,1;6,1;5;78;66;73;62;9,7;4,9;
2025/10/20;1200 UTC;,2;941,4;941,7;941;1915,4;13;5,5;13,8;12,3;6,4;4,8;67;58;62;66;8,9;5;
2025/10/20;1300 UTC;0;941,7;941,8;941,5;2889,5;14,4;5,6;15,5;13,7;6,2;4,9;60;51;56;64;7,5;4;
2025/10/20;1400 UTC;0;941,7;941,8;941,5;0;15,7;6;16,5;14,8;7;5;56;48;51;49;8,2;4,5;
2025/10/20;1500 UTC;0;941,4;941,6;941,2;3774,9;16,7;6,5;17,3;16,1;7,2;5,2;52;44;49;76;9,1;5,1;
2025/10/20;1600 UTC;0;941;941,3;940,6;3875,8;17,7;7,1;18,5;16,8;8,6;6,2;53;42;47;86;8,4;3,9;
2025/10/20;1700 UTC;0;940,3;940,7;939,8;3679;19;7,6;19,6;18,2;8,8;6,7;48;40;43;86;7,5;3,8;
2025/10/20;1800 UTC;0;939,4;939,9;939,1;3161,5;19,3;7,5;19,8;18,9;8,3;6,9;47;39;41;67;7,6;3,4;
2025/10/20;1900 UTC;0;938,8;939,1;938,6;2449,8;19,7;8;20,3;19,3;8,7;7,3;44;39;41;101;7,5;4,5;
2025/10/20;2000 UTC;0;938,6;938,6;938,5;1609,6;19,7;8;19,9;19,5;8,6;7,7;44;40;42;92;6;3,2;
2025/10/20;2100 UTC;0;938,6;938,7;938,5;607,8;18,9;8,1;19,7;18,1;8,4;7,8;49;42;46;82;5,8;3,4;
2025/10/20;2200 UTC;0;938,6;938,6;938,5;63,4;16,8;7,9;18,1;15,5;8,1;7,7;61;49;55;73;8,3;4,1;
2025/10/20;2300 UTC;0;938,8;938,9;938,6;0;14,5;7,7;15,4;13,8;7,8;7,6;70;62;66;65;10,3;5,4;
2025/10/21;0000 UTC;0;939,1;939,3;938,8;0;13,2;8;13,7;12,7;8,1;7,8;77;70;74;62;10,1;5,3;
2025/10/21;0100 UTC;0;939,5;939,7;939,2;0;12,4;8,1;12,7;12,1;8,1;8;80;77;79;57;9,8;5,9;
2025/10/21;0200 UTC;0;939,6;939,8;939,4;0;11,8;8;12,1;11,6;8,1;8;82;80;81;55;8,7;4,9;
2025/10/21;0300 UTC;0;939,9;940;939,8;0;11,5;8;11,6;11,4;8;7,9;83;82;82;41;7,9;4,1;
2025/10/21;0400 UTC;0;939,6;939,9;939,1;0;11,3;7,8;11,3;11,2;7,9;7,6;83;82;83;50;10;4,8;
2025/10/21;0500 UTC;0;939,2;939,3;939;0;11,1;7,4;11,3;10,8;7,6;6,8;82;80;81;55;8,7;5,1;
2025/10/21;0600 UTC;0;938,9;939;938,8;0;10,8;6,2;10,9;10,5;6,8;6;80;76;77;58;7,3;4,3;
2025/10/21;0700 UTC;;;;;;;;;;;;;;;;;;
2025/10/21;0800 UTC;;;;;;;;;;;;;;;;;;
2025/10/21;0900 UTC;;;;;;;;;;;;;;;;;;
2025/10/21;1000 UTC;;;;;;;;;;;;;;;;;;
2025/10/21;1100 UTC;;;;;;;;;;;;;;;;;;
2025/10/21;1200 UTC;;;;;;;;;;;;;;;;;;
2025/10/21;1300 UTC;;;;;;;;;;;;;;;;;;
2025/10/21;1400 UTC;;;;;;;;;;;;;;;;;;
2025/10/21;1500 UTC;0;940,3;940,4;940;3941,3;19,4;8,5;19,8;18,9;9;8,1;48;42;46;103;9,2;4,6;
2025/10/21;1600 UTC;0;940;940,3;939,7;3934;20,5;8,6;21,3;19,5;9,8;7,8;46;36;40;92;8,3;4,6;
2025/10/21;1700 UTC;0;939,3;939,7;938,9;3675,6;21,5;9;22,3;20,9;9,6;8,4;40;36;37;205;8,9;4,9;
2025/10/21;1800 UTC;0;938,5;939;938,1;3161,9;22,1;9,7;22,5;21,5;10,5;9,1;42;35;38;155;8,6;4,6;
2025/10/21;1900 UTC;0;937,9;938,2;937,7;2459,3;22,2;10,1;22,5;21,9;10,6;9,3;42;35;39;161;8,5;3,7;
2025/10/21;2000 UTC;0;937,6;937,8;937,3;1606,9;21,5;9,6;22,3;21;10,4;9;43;38;41;59;7,4;4,3;
2025/10/21;2100 UTC;0;937,3;937,4;937,1;702,7;20,7;9,1;21,1;20,2;9,5;8,6;44;40;42;58;8,9;;
2025/10/21;2200 UTC;0;937,1;937,2;936,9;64,5;19,2;8,4;20,2;18,5;8,7;8,1;48;42;46;98;8,5;3,8;
2025/10/21;2300 UTC;0;937,1;937,3;936,9;0;18;8;18,4;17,5;8,1;7,8;52;48;50;118;8,1;4,6;
2025/10/22;0000 UTC;0;937,5;937,8;937,2;0;16,9;7,6;17,5;16,2;7,9;7,3;56;52;54;107;13,5;5,4;
2025/10/22;0100 UTC;0;937,9;938,1;937,6;0;15,7;7,1;16,2;15,2;7,3;6,8;59;56;57;65;11,5;4,3;
2025/10/22;0200 UTC;0;937,9;938,1;937,6;0;14,9;6,9;15,3;14,5;7,1;6,8;62;58;60;82;12,6;6,5;
2025/10/22;0300 UTC;0;937,8;937,9;937,3;0;14;6,9;14,5;13,5;7;6,8;67;62;65;50;13,1;5,6;
2025/10/22;0400 UTC;0;937,4;937,7;936,9;0;13,3;7;13,5;13,1;7,1;6,9;70;67;69;56;14,9;6,2;
2025/10/22;0500 UTC;0;937;937,2;936,7;0;12,9;7,2;13,2;12,7;7,5;7,1;74;70;72;60;14,3;5,8;
2025/10/22;0600 UTC;0;937,1;937,3;936,9;0;12,5;7,6;12,7;12,3;7,8;7,4;77;74;76;103;7,9;4;
2025/10/22;0700 UTC;0;937,1;937,2;936,9;0;12,5;7,9;12,7;12,4;8;7,8;77;76;77;102;9,2;4,6;
2025/10/22;0800 UTC;0;937,1;937,2;936,9;0;12,7;7,9;12,8;12,5;8;7,8;77;75;76;66;9,8;5,4;
2025/10/22;0900 UTC;0;;;;20,3;12,5;7,8;12,7;12,3;7,9;7,7;78;75;77;81;10,3;5,1;
2025/10/22;1000 UTC;0;;;;;13,3;8;14;12,7;8,3;7,8;76;71;74;68;8,2;5,4;
2025/10/22;1100 UTC;0;;;;;14,7;8,4;15,3;14;8,7;8,2;71;65;68;77;9,5;6,8;
2025/10/22;1200 UTC;0;;;;;16,1;8,8;16,8;15,3;9,3;8,4;66;60;64;82;8,5;5,6;
2025/10/22;1300 UTC;0;;;;;17,9;9,3;19,4;16,8;10,3;8,8;62;52;57;97;5,7;3,7;
2025/10/22;1400 UTC;0;;;;;19,8;10;20,8;;;;;;51;119;5,9;4;
2025/10/22;1500 UTC;0;;;;;21,5;10,4;22,5;;;;;;44;135;5,3;3,7;
2025/10/22;1600 UTC;0;;;;;22,7;10,6;23,4;;;;;;40;70;6,4;4,6;
2025/10/22;1700 UTC;0;;;;;23,7;11,3;24,5;;;;;;38;69;5,5;3,9;
2025/10/22;1800 UTC;0;;;;;24,4;11,7;25,1;;;;;;36;193;3,9;2,7;
2025/10/22;1900 UTC;0;;;;;25;12;25,5;;;;;;35;70;3,5;2,2;
2025/10/22;2000 UTC;0;;;;;24,6;11,2;25,3;;;;;;33;50;4;3;
2025/10/22;2100 UTC;0;;;;;24;10,6;24,4;;;;;;33;42;4;2,7;
2025/10/22;2200 UTC;0;;;;;22,4;9,9;23,1;;;;;;37;39;4,3;3,1;
2025/10/22;2300 UTC;0;;;;;21,1;9,6;21,7;;;;;;42;55;6,7;4,3;
2025/10/23;0000 UTC;0;;;;;19,7;9,4;20,4;;;;;;48;90;6;4;
2025/10/23;0100 UTC;0;;;;;18,4;9,2;19;;;;;;54;108;6,9;4,7;
2025/10/23;0200 UTC;0;;;;;17,1;8,7;17,7;;;;;;58;62;8,5;5,6;
2025/10/23;0300 UTC;0;;;;;16,1;8,4;16,6;;;;;;61;61;6,9;4,8;
2025/10/23;0400 UTC;0;;;;;15;8,4;15,5;;;;;;67;74;7,3;4,9;
2025/10/23;0500 UTC;0;;;;;13,8;8,4;14,4;;;;;;73;69;7,7;5,3;
2025/10/23;0600 UTC;0;;;;;12,9;7,9;13,2;;;;;;75;77;8,7;5,6;
2025/10/23;0700 UTC;0;;;;;12,4;7,4;12,6;;;;;;75;159;7,7;5;
2025/10/23;0800 UTC;0;;;;;12;7,1;12,2;;;;;;76;74;6,6;4,3;
2025/10/23;0900 UTC;0;;;;;12,1;7,2;12,3;;;;;;76;65;5,3;3,3;
2025/10/23;1000 UTC;0;;;;;13,2;7,7;14,1;;;;;;73;96;7,8;4,9;
2025/10/23;1100 UTC;0;;;;;14,9;8,3;15,4;;;;;;67;78;10,6;6,9;
2025/10/23;1200 UTC;0;;;;;16,3;8,8;17,5;;;;;;62;56;6,9;4,5;
2025/10/23;1300 UTC;0;;;;;18,4;9,6;19,5;;;;;;56;122;7,8;5,3;
2025/10/23;1400 UTC;0;;;;;20,1;10,3;20,7;;;;;;51;57;8,7;5,8;
2025/10/23;1500 UTC;0;;;;;21,3;10,8;22,3;;;;;;48;56;7,6;5,2;
2025/10/23;1600 UTC;0;;;;;22,4;11,6;23,2;;;;;;46;52;7,5;5;
2025/10/23;1700 UTC;0;;;;;23,4;11,9;24,1;;;;;;43;119;7,4;5,1;
2025/10/23;1800 UTC;0;;;;;24,2;12,1;24,6;;;;;;39;156;6,6;4,5;
2025/10/23;1900 UTC;0;;;;;24,7;12,3;25,1;;;;;;38;168;6,1;4,3;
2025/10/23;2000 UTC;0;;;;;24,5;12,2;25;;;;;;38;50;6,4;4,5;
2025/10/23;2100 UTC;0;;;;;23,6;11,6;24;;;;;;40;51;6;4,1;
2025/10/23;2200 UTC;0;;;;;22,1;10,9;23;;;;;;44;58;6,3;4,3;
2025/10/23;2300 UTC;0;;;;;20,8;10,4;21,3;;;;;;48;43;7,5;5,1;
2025/10/24;0000 UTC;0;;;;;19,7;9,8;20,3;;;;;;50;50;7,9;5,2;
2025/10/24;0100 UTC;0;;;;;18,7;9,9;19,3;;;;;;56;47;8;5,2;
2025/10/24;0200 UTC;0;;;;;17,7;9,8;18,1;;;;;;60;49;8,8;6,2;
2025/10/24;0300 UTC;0;;;;;16,7;9,5;17,2;;;;;;64;58;10,3;6,7;
2025/10/24;0400 UTC;0;;;;;15,7;9,5;16,2;;;;;;69;55;11;7,3;
2025/10/24;0500 UTC;0;;;;;14,8;8,9;15,1;;;;;;71;75;9,9;6,3;
2025/10/24;0600 UTC;0;;;;;14,2;7,9;14,5;;;;;;68;92;11;7,3;
2025/10/24;0700 UTC;0;;;;;14;7,6;14,1;;;;;;68;84;12,6;7,9;
2025/10/24;0800 UTC;0;;;;;13,8;7,8;13,9;;;;;;70;80;12,1;7,6;
2025/10/24;0900 UTC;0;;;;;13,5;8,1;13,7;;;;;;73;69;11,6;8,1;
2025/10/24;1000 UTC;0;;;;;14,1;8,4;14,9;;;;;;71;61;11,3;7,7;
2025/10/24;1100 UTC;0;;;;;15,7;8,5;16,6;;;;;;64;60;12,8;8,4;
2025/10/24;1200 UTC;0;;;;;17,5;8,8;18,6;;;;;;56;57;11,2;7,8;
2025/10/24;1300 UTC;0;;;;;19,3;9,4;20,7;;;;;;50;88;10,5;6,7;
2025/10/24;1400 UTC;0;;;;;21,1;10,2;22,1;;;;;;46;79;8,4;5,5;
2025/10/24;1500 UTC;0;;;;;22,4;11,1;23,2;;;;;;43;65;9,3;6,4;
2025/10/24;1600 UTC;0;;;;;23,8;11,5;24,8;;;;;;38;119;8,9;6;
2025/10/24;1700 UTC;0;;;;;24,7;11,8;25,7;;;;;;36;59;8,7;5,9;
2025/10/24;1800 UTC;0;;;;;25,7;12,2;26,3;;;;;;33;268;9,3;6,5;
2025/10/24;1900 UTC;0;;;;;25,2;12,3;25,5;;;;;;35;155;7,5;5,3;
2025/10/24;2000 UTC;0;;;;;24,5;12,4;24,9;;;;;;39;78;6,8;4,8;
2025/10/24;2100 UTC;0;;;;;23,9;12,4;24,2;;;;;;43;56;5,3;3,6;
2025/10/24;2200 UTC;;;;;;;;;;;;;;;;;;
2025/10/24;2300 UTC;;;;;;;;;;;;;;;;;;
2025/10/25;0000 UTC;;;;;;;;;;;;;;;;;;
2025/10/25;0100 UTC;;;;;;;;;;;;;;;;;;
2025/10/25;0200 UTC;;;;;;;;;;;;;;;;;;
2025/10/25;0300 UTC;;;;;;;;;;;;;;;;;;
2025/10/25;0400 UTC;;;;;;;;;;;;;;;;;;
2025/10/25;0500 UTC;;;;;;;;;;;;;;;;;;
2025/10/25;0600 UTC;;;;;;;;;;;;;;;;;;
2025/10/25;0700 UTC;;;;;;;;;;;;;;;;;;
2025/10/25;0800 UTC;;;;;;;;;;;;;;;;;;
2025/10/25;0900 UTC;;;;;;;;;;;;;;;;;;
2025/10/25;1000 UTC;;;;;;;;;;;;;;;;;;
2025/10/25;1100 UTC;;;;;;;;;;;;;;;;;;
2025/10/25;1200 UTC;;;;;;;;;;;;;;;;;;
2025/10/25;1300 UTC;0;;;;;20,7;11,8;21,8;;;;;;55;159;13,1;8,4;
2025/10/25;1400 UTC;0;;;;;22,5;12,5;23,4;;;;;;50;159;10,4;6,9;
2025/10/25;1500 UTC;0;;;;;24;13,4;25,4;;;;;;47;309;5,3;3,9;
2025/10/25;1600 UTC;0;;;;;25,6;14,2;26,2;;;;;;43;307;6,4;4,8;
2025/10/25;1700 UTC;0;;;;;26,2;14,7;26,9;;;;;;42;328;9;6,8;
2025/10/25;1800 UTC;0;;;;;26,2;;;;;;;;42;;;;
2025/10/25;1900 UTC;0;;;;;26,1;15,1;26,8;;;;;;45;291;4,6;3,5;
2025/10/25;2000 UTC;0;;;;;23,7;15,7;25,3;;;;;;60;194;5,4;4,5;
2025/10/25;2100 UTC;0;;;;;21,7;15,8;22,3;;;;;;70;205;4,5;3,6;
2025/10/25;2200 UTC;0;;;;;20,7;15,6;21;;;;;;75;315;4,2;3,4;
2025/10/25;2300 UTC;0;;;;;20;15,6;20,9;;;;;;78;330;6,3;4,8;
2025/10/26;0000 UTC;0;;;;;18,4;15,7;18,8;;;;;;87;323;8,1;6,2;
2025/10/26;0100 UTC;0;;;;;18,1;15,9;18,4;;;;;;89;321;4,8;3,7;
2025/10/26;0200 UTC;0;;;;;17,5;16,3;17,9;;;;;;94;280;3,9;2,7;
2025/10/26;0300 UTC;,2;;;;;17,2;16;17,7;;;;;;94;153;3,5;2,6;
2025/10/26;0400 UTC;0;;;;;16,9;16;17;;;;;;95;326;4,3;3,3;
2025/10/26;0500 UTC;0;930,2;930,3;930,1;0;16,8;15,6;16,8;16,8;15,7;15,5;94;93;94;336;5,5;3,6;
2025/10/26;0600 UTC;0;929,9;930,3;929,7;0;16,9;15,4;16,9;16,8;15,6;15,2;94;91;93;327;4,6;2,7;
2025/10/26;0700 UTC;0;929,7;930;929,5;0;16,8;15,3;16,9;16,8;15,4;15,2;93;92;92;323;3,9;2,6;
2025/10/26;0800 UTC;0;930,1;930,4;929,9;0;16,7;15,5;16,8;16,6;15,6;15,3;95;93;94;315;3,3;2,1;
2025/10/26;0900 UTC;0;930,6;930,8;930,4;3,1;16,7;15,4;16,8;16,6;15,6;15,1;95;92;93;298;1,8;1;
2025/10/26;1000 UTC;0;931;931,2;930,8;81;16,7;15,5;16,8;16,6;15,8;15,2;96;92;94;190;1,6;,9;
2025/10/26;1100 UTC;0;931,3;931,4;931,1;202,3;16,7;15,7;16,8;16,6;16;15,3;97;93;95;152;3,4;2,4;
2025/10/26;1200 UTC;0;931,4;931,5;931,3;233,1;16;15,8;16,7;15,4;16,2;15,5;100;96;99;141;3,2;1,7;
2025/10/26;1300 UTC;0;931,4;931,4;931,4;312;15,2;15,3;15,3;15;15,4;15;100;100;100;180;4,8;3,1;
2025/10/26;1400 UTC;0;931,3;931,4;931,2;336,1;14,9;;15,1;14,8;;;100;100;100;162;3,8;2,5;
2025/10/26;1500 UTC;0;931;931,2;930,8;541;15;15,1;15,2;14,8;15,2;14,9;100;100;100;166;3,1;2,2;
2025/10/26;1600 UTC;0;930,7;930,9;930,4;720,8;15,3;15,3;15,6;15;15,6;15;100;100;100;151;3,7;2,6;
2025/10/26;1700 UTC;0;930,3;930,5;930,1;729,2;15,6;15,5;15,9;15,3;15,9;15,3;100;99;100;147;3,7;2,8;
2025/10/26;1800 UTC;0;930;930,2;929,9;576,5;15,7;15,6;15,8;15,6;15,8;15,4;100;99;100;154;4;2,8;
2025/10/26;1900 UTC;0;929,9;930;929,8;533,4;15,8;15,7;16,1;15,6;15,9;15,5;100;99;99;183;4,1;3;
2025/10/26;2000 UTC;0;929,7;929,8;929,6;289,5;15,6;15,6;15,7;15,4;15,8;15,5;100;100;100;153;4,3;3,1;
2025/10/26;2100 UTC;0;929,8;929,9;929,6;139,7;15,4;15,5;15,6;15,3;15,7;15,4;100;100;100;164;4,1;3;
2025/10/26;2200 UTC;0;930,2;930,3;929,9;15,4;15,4;15,5;15,5;15,4;15,6;15,4;100;100;100;158;4,1;2,9;
2025/10/26;2300 UTC;0;930,3;930,4;930,1;0;15,3;15,3;15,4;15,1;15,5;15,2;100;100;100;160;5,1;3,7;
2025/10/27;0000 UTC;0;930,6;931;930,4;0;14,9;14,9;15,1;14,7;15,2;14,8;100;100;100;152;4,4;3,3;
2025/10/27;0100 UTC;0;931;931,1;930,8;0;14,7;14,7;14,7;14,6;14,8;14,7;100;100;100;147;4;2,9;
2025/10/27;0200 UTC;0;931,3;931,4;931,1;0;14,7;14,8;14,7;14,7;14,8;14,8;100;100;100;133;5,2;3,3;
2025/10/27;0300 UTC;0;931,3;931,4;931,2;0;14,7;14,8;14,8;14,7;14,8;14,8;100;100;100;137;3,4;2;
2025/10/27;0400 UTC;0;931,2;931,3;931,1;0;14,8;14,8;14,8;14,7;14,9;14,8;100;100;100;131;4,3;3;
2025/10/27;0500 UTC;1,2;931,1;931,2;930,8;0;14,8;14,8;14,8;14,7;14,9;14,8;100;100;100;158;4,8;3,2;
2025/10/27;0600 UTC;,2;930,7;931;930,5;0;14,7;14,7;14,8;14,6;14,8;14,7;100;100;100;162;4;2,7;
2025/10/27;0700 UTC;0;930,6;930,8;930,5;0;14,6;14,6;14,6;14,5;14,7;14,6;100;100;100;143;4,3;2,8;
2025/10/27;0800 UTC;0;930,8;931,1;930,5;0;14,5;14,6;14,6;14,5;14,6;14,6;100;100;100;141;4,5;3,2;
2025/10/27;0900 UTC;0;931,5;931,8;931;1,7;14,5;14,6;14,5;14,5;14,6;14,5;100;100;100;149;4,5;3,2;
2025/10/27;1000 UTC;0;932,1;932,5;931,8;49,7;14,6;14,7;14,7;14,5;14,7;14,6;100;100;100;160;5,3;3,5;
2025/10/27;1100 UTC;,2;932,8;933,1;932,6;273,8;14,7;14,8;14,9;14,6;14,9;14,7;100;100;100;151;6,2;4,2;
2025/10/27;1200 UTC;0;933,4;933,7;933,1;513;14,8;14,9;15,1;14,6;15,2;14,7;100;100;100;152;6,9;4,6;
2025/10/27;1300 UTC;0;933,9;934;933,6;499,5;14,8;14,9;14,9;14,6;15;14,7;100;100;100;142;5,7;3,7;
2025/10/27;1400 UTC;0;933,9;934;933,8;2136,4;16,1;14,9;17,1;14,9;16;14,2;100;87;94;153;7;4,8;
2025/10/27;1500 UTC;0;933,8;933,9;933,6;1226,9;16,5;14,6;17,1;16;15,2;14,1;93;86;90;161;6,2;4,3;
2025/10/27;1600 UTC;0;933,5;933,6;933,4;2067,6;17,6;14,7;18,5;16,8;15,6;14;90;79;86;161;6,7;4,4;
2025/10/27;1700 UTC;0;933,5;933,6;933,3;1732,4;18,7;14;19,2;18,1;14,7;13,4;82;72;76;168;6,2;3,9;
2025/10/27;1800 UTC;0;933,2;933,3;933,2;1037,2;18,5;14;19,2;17,8;14,5;13,7;82;73;78;181;6,9;4,6;
2025/10/27;1900 UTC;0;933,1;933,3;932,9;573,5;17,4;13,9;17,9;16,9;14,6;13,4;84;80;82;130;7,1;4,6;
2025/10/27;2000 UTC;0;933;933,3;932,8;630,5;17,1;13,4;17,5;16,7;13,8;13,2;84;78;81;150;7,7;5,5;
2025/10/27;2100 UTC;0;933,4;933,5;933,2;298,3;16,5;13,2;16,7;16,1;13,4;12,8;85;82;83;139;6,3;4;
2025/10/27;2200 UTC;0;933,6;933,8;933,3;43,6;16,1;12,8;16,1;15,9;13,1;12,7;86;83;84;119;4,7;3,2;
2025/10/27;2300 UTC;0;933,7;933,8;933,6;0;15,9;12,8;16,1;15,6;13;12,4;85;83;84;91;5,5;3;
2025/10/28;0000 UTC;0;934,1;934,3;933,8;0;15,2;12,4;15,6;14,8;12,5;12,3;88;85;86;105;3,8;2,3;
2025/10/28;0100 UTC;0;934,6;935;934,2;0;14,3;11,7;14,7;13,9;12,4;11,1;89;85;87;93;4,5;2,4;
2025/10/28;0200 UTC;0;935,3;935,4;935;0;13,9;11,2;14;13,8;11,4;10,9;88;85;86;104;5,8;2,5;
2025/10/28;0300 UTC;0;935,4;935,4;935,2;0;13,8;11,5;14;13,5;11,7;11,2;91;86;89;136;5,6;3,9;
2025/10/28;0400 UTC;0;935,1;935,2;935;0;13,3;11;13,6;13,1;11,5;10,5;92;87;88;130;5,2;2,8;
2025/10/28;0500 UTC;0;934,9;935,2;934,7;0;12,7;10,8;13;12,6;11;10,5;92;89;91;136;4,4;2,8;
2025/10/28;0600 UTC;0;934,3;934,6;934,1;0;12,6;10,4;12,6;12,6;10,7;10,2;90;88;89;119;6;4;
2025/10/28;0700 UTC;0;934,3;934,5;934,2;0;12,6;10,3;12,7;12,6;10,5;10,2;90;88;89;111;4,8;2,5;
2025/10/28;0800 UTC;0;;;;0;12,6;10,6;12,6;12,5;10,8;10,4;;;;115;4,1;2,7;
2025/10/28;0900 UTC;0;934,2;934,5;934,1;33,6;12,5;10,8;12,6;12,3;10,9;10,7;93;91;92;118;3,8;2,5;
2025/10/28;1000 UTC;0;935;935,5;934,5;578,3;12,8;10,9;13,5;12,4;11,4;10,7;92;87;91;151;4,6;3,4;
2025/10/28;1100 UTC;0;935,7;935,9;935,5;874,1;13,7;11,3;14,1;13,3;11,8;10,9;90;86;88;145;5,2;3,6;
2025/10/28;1200 UTC;0;935,8;936;935,7;1295;14,6;11,7;15,2;14;12,1;11,3;89;83;85;158;6,1;4,4;
2025/10/28;1300 UTC;0;935,8;935,9;935,7;1008,1;15,1;12,3;15,3;14,9;12,6;12,1;88;84;86;158;6,2;4,4;
2025/10/28;1400 UTC;0;935,7;935,8;935,6;857,9;15;12,6;15,4;14,4;13;12,4;92;86;88;180;6,1;4,2;
2025/10/28;1500 UTC;0;935,5;935,7;935,1;414;14,3;12,8;14,6;14,1;13;12,5;94;90;92;166;6,8;4,8;
2025/10/28;1600 UTC;0;934,7;935,1;934,3;345,3;14,1;12,9;14,3;14;13;12,7;95;93;94;151;6,5;4,2;
2025/10/28;1700 UTC;0;933,9;934,3;933,6;447,3;14;13;14,2;13,9;13,4;12,7;97;93;95;151;7,6;5,3;
2025/10/28;1800 UTC;0;933,5;933,7;933,3;0;13,7;13;14;13,5;13,2;12,8;97;95;97;155;7,3;5,2;
2025/10/28;1900 UTC;0;933;933,3;932,8;258,8;13,6;12,9;13,7;13,4;13,1;12,4;98;95;96;153;6,8;5,1;
2025/10/28;2000 UTC;,4;933;933,3;932,7;109,4;13,3;12,6;13,5;13,2;12,9;12,4;98;96;97;138;6,8;4;
2025/10/28;2100 UTC;2,6;933,4;933,7;933,2;58,7;12,8;12,4;13,2;12,6;12,6;12,1;100;95;98;153;6,5;4,5;
2025/10/28;2200 UTC;2,4;933,7;933,8;933,6;7;12,3;12,4;12,6;12,1;12,6;12,2;100;100;100;152;7,6;5,2;
2025/10/28;2300 UTC;;;;;;;;;;;;;;;;;;
2025/10/29;0000 UTC;3,8;934,3;934,5;933,9;;11,2;11,2;11,5;10,8;11,6;10,9;100;100;100;177;7,9;5,5;
2025/10/29;0100 UTC;3,6;935;935,3;934,5;,3;10,5;10,6;10,8;10,3;10,9;10,3;100;100;100;181;7,7;4,7;
2025/10/29;0200 UTC;3;935,4;935,6;935,2;0;10,3;10,3;10,3;10,3;10,4;10,3;100;100;100;175;5,5;4;
2025/10/29;0300 UTC;3,6;934,7;935,4;933,8;0;10,2;10,3;10,3;10,2;10,4;10,2;100;100;100;120;6,3;4,3;
2025/10/29;0400 UTC;,8;932,8;933,9;932;0;10,3;10,3;10,4;10,2;10,5;10,3;100;100;100;103;7,7;4,4;
2025/10/29;0500 UTC;0;931,6;932,1;931,4;0;10,7;10,5;10,8;10,4;10,5;10,4;100;98;99;130;6,1;4,2;
2025/10/29;0600 UTC;,4;931,9;932,3;931,4;0;10,8;10,7;10,9;10,7;10,8;10,5;100;98;99;170;5,2;3,7;
2025/10/29;0700 UTC;1,2;932,4;932,6;932,3;0;10,8;10,8;10,8;10,7;10,9;10,8;100;100;100;178;4,7;3,4;
2025/10/29;0800 UTC;,2;932,5;932,8;932,3;0;10,8;10,8;10,8;10,7;10,9;10,8;100;100;100;184;6,7;3,9;
2025/10/29;0900 UTC;1,8;933,2;933,5;932,9;4,4;10,8;10,8;10,8;10,7;10,9;10,8;100;100;100;172;6;3,7;
2025/10/29;1000 UTC;1,8;933,8;934,2;933,5;87,1;10,8;10,9;10,9;10,8;11;10,8;100;100;100;162;7,9;5,6;
2025/10/29;1100 UTC;,4;934,6;935;934,2;202,5;11;11;11,1;10,9;11,1;10,9;100;100;100;158;7,7;4,9;
2025/10/29;1200 UTC;,2;934,9;935,1;934,8;361,1;11,2;11,3;11,4;11;11,5;11,1;100;100;100;163;8,2;4,8;
2025/10/29;1300 UTC;1,2;935,1;935,3;935;561,3;11,5;11,5;11,7;11,3;11,7;11,3;100;100;100;152;9,3;6,2;
2025/10/29;1400 UTC;,6;935,3;935,4;935,2;491,5;11,4;11,4;11,5;11,3;11,5;11,2;100;99;100;161;10,1;6,9;
2025/10/29;1500 UTC;1;935,4;935,5;935,2;597;11,4;11,2;11,6;11,3;11,5;11,1;100;99;99;155;9,7;5,8;
2025/10/29;1600 UTC;;;;;;;;;;;;;;;;;;
2025/10/29;1700 UTC;;;;;;;;;;;;;;;;;;
2025/10/29;1800 UTC;0;934,9;935;934,8;401,3;11,5;11,6;11,6;11,4;11,7;11,4;100;100;100;160;6,3;4,4;
2025/10/29;1900 UTC;0;934,8;934,9;934,7;376;11,6;11,7;11,8;11,5;11,9;11,5;100;100;100;167;5,2;3,6;
2025/10/29;2000 UTC;,4;934,7;934,8;934,6;199;11,6;11,7;11,7;11,5;11,8;11,5;100;100;100;148;6,2;4,3;
2025/10/29;2100 UTC;,6;934,8;935;934,6;85,1;11,2;11,3;11,5;11;11,6;11,1;100;100;100;148;6,4;4,3;
2025/10/29;2200 UTC;,2;935,1;935,2;934,9;17;10,9;10,9;11;10,8;11,1;10,8;100;99;100;147;5,8;3,6;
2025/10/29;2300 UTC;0;935,3;935,5;935,2;0;10,7;10,8;10,9;10,7;10,9;10,7;100;100;100;158;4,5;3,2;
2025/10/30;0000 UTC;0;935,6;935,7;935,4;0;10,7;10,7;10,7;10,6;10,8;10,7;100;100;100;150;5,7;3,7;
2025/10/30;0100 UTC;0;935,7;935,9;935,6;0;10,7;10,8;10,7;10,7;10,8;10,7;100;100;100;155;5,1;3,9;
2025/10/30;0200 UTC;0;935,8;935,9;935,6;0;10,8;10,8;10,9;10,7;10,9;10,7;100;100;100;137;4,9;3;
2025/10/30;0300 UTC;0;935,5;935,6;935,3;0;10,8;10,9;10,8;10,8;10,9;10,8;100;100;100;147;4,4;2,8;
2025/10/30;0400 UTC;0;935;935,3;934,7;0;10,7;10,7;10,8;10,6;10,9;10,7;100;100;100;143;4,5;3;
2025/10/30;0500 UTC;0;934,5;934,8;934,2;0;10,6;10,7;10,7;10,6;10,7;10,6;100;100;100;133;3,6;2,5;
2025/10/30;0600 UTC;,2;933,9;934,2;933,7;0;10,6;10,7;10,7;10,6;10,7;10,6;100;100;100;147;4,8;3,3;
2025/10/30;0700 UTC;0;933,8;934;933,7;0;10,5;10,6;10,6;10,4;10,7;10,5;100;100;100;134;3,9;2,6;
2025/10/30;0800 UTC;0;934,1;934,3;934;0;10,4;10,4;10,4;10,3;10,5;10,4;100;100;100;134;3,4;2,5;
2025/10/30;0900 UTC;0;934,6;934,8;934,3;17,1;10,3;10,4;10,4;10,3;10,5;10,4;100;100;100;153;4;2,9;
2025/10/30;1000 UTC;0;935,2;935,5;934,8;150,8;10,5;10,5;10,5;10,4;10,6;10,4;100;100;100;132;4;2,8;
2025/10/30;1100 UTC;0;935,8;935,9;935,5;722,8;11;10,5;11,7;10,4;10,8;10;100;92;97;122;4,4;2,7;
2025/10/30;1200 UTC;0;936,1;936,2;935,9;1014;12,1;10,5;12,5;11,6;11,2;10;96;89;92;137;4,7;3,3;
2025/10/30;1300 UTC;0;936,3;936,3;936,2;1031,7;12,9;10,8;13,4;12,5;11,6;10,1;93;86;90;138;3,7;2,4;
2025/10/30;1400 UTC;0;936,3;936,4;936,2;1054;13,8;10,8;14,2;13,4;11,5;10,1;89;81;85;158;4,8;3,1;
2025/10/30;1500 UTC;0;936,1;936,2;935,8;2357;15,2;11,2;16;14,1;12,5;10;84;76;80;182;6;4,1;
2025/10/30;1600 UTC;0;935,5;935,9;935,3;1494,9;15,4;11,6;15,9;15;12,1;10,9;84;77;81;171;5,6;3,6;
2025/10/30;1700 UTC;0;934,9;935,3;934,6;2502,2;16,4;11,3;17,7;15,4;12,1;10,4;79;67;75;158;7;4,9;
2025/10/30;1800 UTC;0;934,1;934,5;933,9;2119,1;16,7;11,7;17,6;15,9;12,5;10,8;81;71;75;194;8,1;4,6;
2025/10/30;1900 UTC;0;933,7;934;933,4;1611,7;15,9;11,6;16,9;15;12,5;11,1;84;74;79;154;8,3;5,5;
2025/10/30;2000 UTC;0;933,5;933,6;933,4;1080,1;15,9;11,6;16,7;15,3;12,4;11;81;74;78;154;6,1;4,1;
2025/10/30;2100 UTC;0;933,4;933,5;933,3;301,7;14,8;11,7;15,3;14,2;12;11,2;88;80;84;160;5,5;3,7;
2025/10/30;2200 UTC;0;933,3;933,4;933,2;12,7;13,7;11,8;14,3;13,4;12;11,4;92;87;90;138;5,7;3,8;
2025/10/30;2300 UTC;0;933,5;933,6;933,3;0;13,1;11,6;13,4;12,9;11,8;11,2;95;89;93;141;5;3,3;
2025/10/31;0000 UTC;0;933,8;933,9;933,6;0;12,7;11,5;12,8;12,6;11,7;11,3;95;93;94;136;5,6;3;
2025/10/31;0100 UTC;;;;;;;;;;;;;;;;;;
2025/10/31;0200 UTC;0;933,6;933,7;933,5;0;12,1;10,9;12,2;12;11,2;10,2;96;91;94;84;4,5;2,5;
2025/10/31;0300 UTC;0;933,3;933,5;933;0;12;10,2;12,1;11,9;10,5;10;92;90;91;119;3,7;2,4;
2025/10/31;0400 UTC;0;933;933;933;0;11,9;10,2;11,9;11,9;10,3;10,2;92;91;92;124;4,1;2,6;
2025/10/31;0500 UTC;0;;;;0;;;;;;;;;;105;3,5;2,1;
2025/10/31;0600 UTC;0;;;;0;;;;;;;;;;145;2,3;1,6;
2025/10/31;0700 UTC;0;;;;0;;;;;;;;;;102;2,5;1,4;
2025/10/31;0800 UTC;0;;;;0;;;;;;;;;;143;1,8;1,4;
2025/10/31;0900 UTC;0;;;;20,1;;;;;;;;;;120;1,3;,4;
2025/10/31;1000 UTC;0;;;;418,1;;;;;;;;;;81;1,5;,7;
2025/10/31;1100 UTC;0;;;;709,2;;;;;;;;;;97;5,7;2,8;
2025/10/31;1200 UTC;0;932,6;932,6;932,5;933,3;15,8;11,8;16,5;15,3;12,1;11,5;83;77;80;71;5,2;2,5;
2025/10/31;1300 UTC;0;932,6;932,8;932,5;916,5;16,5;12,4;17,1;14,8;13,5;11,8;93;75;80;195;4,9;3,8;
2025/10/31;1400 UTC;0;932,5;932,7;932,3;1759,3;16,2;13,3;17,6;14,5;13,9;12,6;94;77;85;163;2,9;1,5;
2025/10/31;1500 UTC;;;;;;;;;;;;;;;;;;
2025/10/31;1600 UTC;0;931,4;931,8;931;1562,4;18,2;13,9;19;17,5;15,1;13,1;82;74;79;152;6,1;4;
2025/10/31;1700 UTC;0;930,8;931;930,5;1207,8;17,8;13,8;18,3;17;14,1;13,5;84;77;80;178;6,8;4,5;
2025/10/31;1800 UTC;0;930,2;930,5;929,9;1353,3;18;13,6;18,5;17,4;14,1;13,2;81;76;78;171;7,9;5,1;
2025/10/31;1900 UTC;0;929,6;930;929,5;1192,8;17,5;13,4;18,2;17;13,9;13,1;83;77;80;181;7,1;5,3;
2025/10/31;2000 UTC;0;929,6;929,7;929,6;530,2;16,4;13,4;16,9;16;13,9;13,1;89;82;85;187;7,3;4,9;
2025/10/31;2100 UTC;0;929,7;929,8;929,6;415,7;15,9;13,6;16,1;15,4;13,8;13,4;91;87;89;158;5,8;4;
2025/10/31;2200 UTC;0;929,8;930,1;929,7;17,8;15,1;13,8;15,5;15;13,9;13,5;94;91;93;141;5;3,1;
2025/10/31;2300 UTC;0;930;930,2;929,9;0;14,9;12,7;15,1;14,9;13,7;11,9;94;85;89;94;6,5;3,6;
